scenario,strategy,seed,samples,avg_offered_load_mbps,avg_accepted_load_mbps,avg_capacity_mbps,avg_goodput_mbps,avg_queue,final_capacity_mbps,final_goodput_mbps,final_queue,final_blocked_rate,final_blocked_queue_cap_rate,final_blocked_timeout_rate,final_utilization,final_fairness,avg_utilization,avg_fairness,avg_acceptance_rate,avg_service_rate,final_mean_served_delay_s,final_p95_served_delay_s,final_mean_timeout_delay_s
baseline,proportional_fair,42,600,43.47403861164897,43.47403861164897,54.69890032818828,43.315678785749384,1.4333333333333333,50.27393622349042,47.74807421413253,1,0.0,0.0,0.0,0.25,0.9992482704672878,0.26104166666666667,0.8782335880648363,1.0,0.9811810640192743,2.6615087040618954,7.0,0.0
baseline,proportional_fair,43,600,39.802748316274226,39.802748316274226,50.40428708675618,39.52870570456016,1.215,128.9988360621301,125.775324807103,4,0.0,0.0,0.0,0.625,0.9926063815050383,0.241875,0.8588129181751941,0.9983333333333333,0.9877695078002244,2.413255360623782,6.0,0.0
baseline,proportional_fair,44,600,39.39442576493566,39.39442576493566,49.87887443767093,39.39442576493566,1.2466666666666666,84.75554733463866,48.384177638965426,0,0.0,0.0,0.0,0.375,0.9714807661034095,0.23541666666666666,0.8745664846805844,1.0,0.9882377154505637,2.481188118811881,6.0,0.0
baseline,proportional_fair,45,600,36.176089856061935,36.176089856061935,45.808425513798305,36.15015950031472,1.105,26.674257877442603,26.674257877442603,1,0.0,0.0,0.0,0.125,1.0,0.21791666666666668,0.8351401451804836,1.0,0.9834036903928325,2.432900432900433,6.0,0.0
baseline,proportional_fair,46,600,40.43983309375151,40.43983309375151,50.72855342684514,40.40795274742151,1.2333333333333334,24.44751140943256,24.44751140943256,1,0.0,0.0,0.0,0.125,1.0,0.23895833333333333,0.8393977519323659,0.9983333333333333,0.9832185099820282,2.5205761316872426,7.0,0.0
baseline,proportional_fair,47,600,46.523040333042054,46.523040333042054,57.07972585363025,46.35657259541171,1.5183333333333333,56.30412746248362,56.30412746248362,4,0.0,0.0,0.0,0.25,0.9893073079483027,0.27166666666666667,0.8735035498110608,1.0,0.9832899502295279,2.72936660268714,7.0,0.0
baseline,proportional_fair,48,600,44.677184733329916,44.677184733329916,55.11522729033754,44.48448450076851,1.465,97.98353645181895,88.56738369981218,3,0.0,0.0,0.0,0.5,0.9926191857734552,0.265,0.8876445788298457,0.9966666666666667,0.9801584327115205,2.6711281070745696,7.0,0.0
baseline,proportional_fair,49,600,40.195607575037386,40.195607575037386,50.97161583966136,40.195607575037386,1.2766666666666666,0.0,0.0,0,0.0,0.0,0.0,0.0,0.0,0.24416666666666667,0.8695570116970069,1.0,0.9847911763112325,2.560081466395112,6.0,0.0
baseline,proportional_fair,50,600,39.13661619741322,39.13661619741322,49.72369636340997,39.13661619741322,1.2666666666666666,24.44751140943256,8.0,0,0.0,0.0,0.0,0.125,1.0,0.236875,0.8527836115764367,1.0,0.9830323201828445,2.4960629921259843,7.0,0.0
baseline,proportional_fair,51,600,39.66233794715092,39.66233794715092,50.96020144313839,39.524268973004176,1.2283333333333333,74.62002585921431,74.62002585921432,3,0.0,0.0,0.0,0.375,0.991886218465517,0.24208333333333334,0.8712887893323502,1.0,0.9892491722132989,2.42578125,6.0,0.0
baseline,round_robin,42,600,43.47403861164897,43.47403861164897,54.69890032818828,43.315678785749384,1.4333333333333333,50.27393622349042,47.74807421413253,1,0.0,0.0,0.0,0.25,0.9992482704672878,0.26104166666666667,0.8782335880648363,1.0,0.9811810640192743,2.6615087040618954,7.0,0.0
baseline,round_robin,43,600,39.802748316274226,39.802748316274226,50.40428708675618,39.52870570456016,1.215,128.9988360621301,125.775324807103,4,0.0,0.0,0.0,0.625,0.9926063815050383,0.241875,0.8588129181751941,0.9983333333333333,0.9877695078002244,2.413255360623782,6.0,0.0
baseline,round_robin,44,600,39.39442576493566,39.39442576493566,49.87887443767093,39.39442576493566,1.2466666666666666,84.75554733463866,48.384177638965426,0,0.0,0.0,0.0,0.375,0.9714807661034095,0.23541666666666666,0.8745664846805844,1.0,0.9882377154505637,2.481188118811881,6.0,0.0
baseline,round_robin,45,600,36.176089856061935,36.176089856061935,45.808425513798305,36.15015950031472,1.105,26.674257877442603,26.674257877442603,1,0.0,0.0,0.0,0.125,1.0,0.21791666666666668,0.8351401451804836,1.0,0.9834036903928325,2.432900432900433,6.0,0.0
baseline,round_robin,46,600,40.43983309375151,40.43983309375151,50.72855342684514,40.40795274742151,1.2333333333333334,24.44751140943256,24.44751140943256,1,0.0,0.0,0.0,0.125,1.0,0.23895833333333333,0.8393977519323659,0.9983333333333333,0.9832185099820282,2.5205761316872426,7.0,0.0
baseline,round_robin,47,600,46.523040333042054,46.523040333042054,57.07972585363025,46.35657259541171,1.5183333333333333,56.30412746248362,56.30412746248362,4,0.0,0.0,0.0,0.25,0.9893073079483027,0.27166666666666667,0.8735035498110608,1.0,0.9832899502295279,2.72936660268714,7.0,0.0
baseline,round_robin,48,600,44.677184733329916,44.677184733329916,55.11522729033754,44.48448450076851,1.465,97.98353645181895,88.56738369981218,3,0.0,0.0,0.0,0.5,0.9926191857734552,0.265,0.8876445788298457,0.9966666666666667,0.9801584327115205,2.6711281070745696,7.0,0.0
baseline,round_robin,49,600,40.195607575037386,40.195607575037386,50.97161583966136,40.195607575037386,1.2766666666666666,0.0,0.0,0,0.0,0.0,0.0,0.0,0.0,0.24416666666666667,0.8695570116970069,1.0,0.9847911763112325,2.560081466395112,6.0,0.0
baseline,round_robin,50,600,39.13661619741322,39.13661619741322,49.72369636340997,39.13661619741322,1.2666666666666666,24.44751140943256,8.0,0,0.0,0.0,0.0,0.125,1.0,0.236875,0.8527836115764367,1.0,0.9830323201828445,2.4960629921259843,7.0,0.0
baseline,round_robin,51,600,39.66233794715092,39.66233794715092,50.96020144313839,39.524268973004176,1.2283333333333333,74.62002585921431,74.62002585921432,3,0.0,0.0,0.0,0.375,0.991886218465517,0.24208333333333334,0.8712887893323502,1.0,0.9892491722132989,2.42578125,6.0,0.0
baseline,longest_queue_first,42,600,43.47403861164897,43.47403861164897,54.69890032818828,43.315678785749384,1.4333333333333333,50.27393622349042,47.74807421413253,1,0.0,0.0,0.0,0.25,0.9992482704672878,0.26104166666666667,0.8782335880648363,1.0,0.9811810640192743,2.6615087040618954,7.0,0.0
baseline,longest_queue_first,43,600,39.802748316274226,39.802748316274226,50.40428708675618,39.52870570456016,1.215,128.9988360621301,125.775324807103,4,0.0,0.0,0.0,0.625,0.9926063815050383,0.241875,0.8588129181751941,0.9983333333333333,0.9877695078002244,2.413255360623782,6.0,0.0
baseline,longest_queue_first,44,600,39.39442576493566,39.39442576493566,49.87887443767093,39.39442576493566,1.2466666666666666,84.75554733463866,48.384177638965426,0,0.0,0.0,0.0,0.375,0.9714807661034095,0.23541666666666666,0.8745664846805844,1.0,0.9882377154505637,2.481188118811881,6.0,0.0
baseline,longest_queue_first,45,600,36.176089856061935,36.176089856061935,45.808425513798305,36.15015950031472,1.105,26.674257877442603,26.674257877442603,1,0.0,0.0,0.0,0.125,1.0,0.21791666666666668,0.8351401451804836,1.0,0.9834036903928325,2.432900432900433,6.0,0.0
baseline,longest_queue_first,46,600,40.43983309375151,40.43983309375151,50.72855342684514,40.40795274742151,1.2333333333333334,24.44751140943256,24.44751140943256,1,0.0,0.0,0.0,0.125,1.0,0.23895833333333333,0.8393977519323659,0.9983333333333333,0.9832185099820282,2.5205761316872426,7.0,0.0
baseline,longest_queue_first,47,600,46.523040333042054,46.523040333042054,57.07972585363025,46.35657259541171,1.5183333333333333,56.30412746248362,56.30412746248362,4,0.0,0.0,0.0,0.25,0.9893073079483027,0.27166666666666667,0.8735035498110608,1.0,0.9832899502295279,2.72936660268714,7.0,0.0
baseline,longest_queue_first,48,600,44.677184733329916,44.677184733329916,55.11522729033754,44.48448450076851,1.465,97.98353645181895,88.56738369981218,3,0.0,0.0,0.0,0.5,0.9926191857734552,0.265,0.8876445788298457,0.9966666666666667,0.9801584327115205,2.6711281070745696,7.0,0.0
baseline,longest_queue_first,49,600,40.195607575037386,40.195607575037386,50.97161583966136,40.195607575037386,1.2766666666666666,0.0,0.0,0,0.0,0.0,0.0,0.0,0.0,0.24416666666666667,0.8695570116970069,1.0,0.9847911763112325,2.560081466395112,6.0,0.0
baseline,longest_queue_first,50,600,39.13661619741322,39.13661619741322,49.72369636340997,39.13661619741322,1.2666666666666666,24.44751140943256,8.0,0,0.0,0.0,0.0,0.125,1.0,0.236875,0.8527836115764367,1.0,0.9830323201828445,2.4960629921259843,7.0,0.0
baseline,longest_queue_first,51,600,39.66233794715092,39.66233794715092,50.96020144313839,39.524268973004176,1.2283333333333333,74.62002585921431,74.62002585921432,3,0.0,0.0,0.0,0.375,0.991886218465517,0.24208333333333334,0.8712887893323502,1.0,0.9892491722132989,2.42578125,6.0,0.0
baseline,greedy_backlog,42,600,43.47403861164897,43.47403861164897,54.69890032818828,43.315678785749384,1.4333333333333333,50.27393622349042,47.74807421413253,1,0.0,0.0,0.0,0.25,0.9992482704672878,0.26104166666666667,0.8782335880648363,1.0,0.9811810640192743,2.6615087040618954,7.0,0.0
baseline,greedy_backlog,43,600,39.802748316274226,39.802748316274226,50.40428708675618,39.52870570456016,1.215,128.9988360621301,125.775324807103,4,0.0,0.0,0.0,0.625,0.9926063815050383,0.241875,0.8588129181751941,0.9983333333333333,0.9877695078002244,2.413255360623782,6.0,0.0
baseline,greedy_backlog,44,600,39.39442576493566,39.39442576493566,49.87887443767093,39.39442576493566,1.2466666666666666,84.75554733463866,48.384177638965426,0,0.0,0.0,0.0,0.375,0.9714807661034095,0.23541666666666666,0.8745664846805844,1.0,0.9882377154505637,2.481188118811881,6.0,0.0
baseline,greedy_backlog,45,600,36.176089856061935,36.176089856061935,45.808425513798305,36.15015950031472,1.105,26.674257877442603,26.674257877442603,1,0.0,0.0,0.0,0.125,1.0,0.21791666666666668,0.8351401451804836,1.0,0.9834036903928325,2.432900432900433,6.0,0.0
baseline,greedy_backlog,46,600,40.43983309375151,40.43983309375151,50.72855342684514,40.40795274742151,1.2333333333333334,24.44751140943256,24.44751140943256,1,0.0,0.0,0.0,0.125,1.0,0.23895833333333333,0.8393977519323659,0.9983333333333333,0.9832185099820282,2.5205761316872426,7.0,0.0
baseline,greedy_backlog,47,600,46.523040333042054,46.523040333042054,57.07972585363025,46.35657259541171,1.5183333333333333,56.30412746248362,56.30412746248362,4,0.0,0.0,0.0,0.25,0.9893073079483027,0.27166666666666667,0.8735035498110608,1.0,0.9832899502295279,2.72936660268714,7.0,0.0
baseline,greedy_backlog,48,600,44.677184733329916,44.677184733329916,55.11522729033754,44.48448450076851,1.465,97.98353645181895,88.56738369981218,3,0.0,0.0,0.0,0.5,0.9926191857734552,0.265,0.8876445788298457,0.9966666666666667,0.9801584327115205,2.6711281070745696,7.0,0.0
baseline,greedy_backlog,49,600,40.195607575037386,40.195607575037386,50.97161583966136,40.195607575037386,1.2766666666666666,0.0,0.0,0,0.0,0.0,0.0,0.0,0.0,0.24416666666666667,0.8695570116970069,1.0,0.9847911763112325,2.560081466395112,6.0,0.0
baseline,greedy_backlog,50,600,39.13661619741322,39.13661619741322,49.72369636340997,39.13661619741322,1.2666666666666666,24.44751140943256,8.0,0,0.0,0.0,0.0,0.125,1.0,0.236875,0.8527836115764367,1.0,0.9830323201828445,2.4960629921259843,7.0,0.0
baseline,greedy_backlog,51,600,39.66233794715092,39.66233794715092,50.96020144313839,39.524268973004176,1.2283333333333333,74.62002585921431,74.62002585921432,3,0.0,0.0,0.0,0.375,0.991886218465517,0.24208333333333334,0.8712887893323502,1.0,0.9892491722132989,2.42578125,6.0,0.0
baseline_queue_cap,proportional_fair,42,600,766.2760178948384,637.4910663622335,150.40781585010254,150.27581391020846,908.7283333333334,151.06104800626886,151.06104800626892,1507,0.16694560669456068,0.16694560669456068,0.0,1.0,0.9364756522853466,0.99625,0.9198917167360867,0.9759980110739794,0.20143776885370215,241.60743801652893,462.0,0.0
baseline_queue_cap,proportional_fair,43,600,759.8008368706072,631.4323963407113,150.48198374071688,150.4665099981799,930.195,151.07985063930715,151.0798506393072,1517,0.18074735987002438,0.18074735987002438,0.0,1.0,0.9319887686574543,0.9985416666666667,0.9112477719032349,0.9711115860527335,0.1983214181850995,245.556,449.0,0.0
baseline_queue_cap,proportional_fair,44,600,764.4133077715236,635.2026578786877,151.60044827274805,151.44314607091889,917.1133333333333,150.71020406316754,150.7102040631676,1514,0.16817434210526316,0.16817434210526316,0.0,1.0,0.9411809738999124,0.9989583333333333,0.9095330564256621,0.9773692255957682,0.2246060878992624,227.7583497053045,451.0,0.0
baseline_queue_cap,proportional_fair,45,600,787.1612102454801,631.8099123508016,151.60733879867638,151.52172245192483,917.8266666666667,151.40889062745214,151.40889062745217,1513,0.17980295566502463,0.17980295566502463,0.0,1.0,0.9288087644272315,0.9985416666666667,0.9111780784516992,0.9774983700153416,0.20419095176144586,238.16494845360825,445.0,0.0
baseline_queue_cap,proportional_fair,46,600,752.7792334683929,647.6903690224628,150.76485601599722,150.71759322675828,898.2016666666667,151.64009258192934,151.64009258192937,1516,0.14395886889460155,0.14395886889460155,0.0,1.0,0.9259285372384364,0.9985416666666667,0.9133952717111553,0.9804215471130989,0.20582203655179113,239.14522821576764,463.0,0.0
baseline_queue_cap,proportional_fair,47,600,776.7866375396233,644.3278475685498,150.54311481275238,150.46826519955079,949.4383333333334,152.39526651645625,152.3952665164563,1516,0.18128654970760233,0.18128654970760233,0.0,1.0,0.9188186060481602,0.9995833333333334,0.9217317000170112,0.9741077277704744,0.17330801013000693,252.3310810810811,472.0,0.0
baseline_queue_cap,proportional_fair,48,600,786.1313096884865,653.9848829836341,151.01569002145487,150.9807932890147,925.4483333333334,150.31985751753194,150.319857517532,1515,0.17642209398186315,0.17642209398186315,0.0,1.0,0.9449533001923869,0.9975,0.899857277469649,0.9708007298604995,0.19399749209787753,236.28571428571428,457.0,0.0
baseline_queue_cap,proportional_fair,49,600,743.3465389769656,625.9378034625872,151.14621033678299,150.9229656450768,886.135,152.0317959479708,152.03179594797086,1516,0.16279069767441862,0.16279069767441862,0.0,1.0,0.9218456351703334,0.99875,0.914267086509292,0.980542021071886,0.2235010804963327,230.108,440.0,0.0
baseline_queue_cap,proportional_fair,50,600,778.7999490711376,621.5315861459957,150.65924341838488,150.57942217748055,922.1,152.89988196632498,152.89988196632504,1516,0.18716577540106952,0.18716577540106952,0.0,1.0,0.9127432938258352,0.9983333333333333,0.9163348903102043,0.9732033306139682,0.19104768417978524,242.06739130434784,450.0,0.0
baseline_queue_cap,proportional_fair,51,600,770.4303003527792,624.7789370411912,151.66106946660412,151.61574288583066,911.82,151.354474177214,151.35447417721406,1501,0.18327183271832717,0.18327183271832717,0.0,1.0,0.9287995867242527,0.9989583333333333,0.9020459266870301,0.9722983202506773,0.2101999200360648,231.4358452138493,436.0,0.0
baseline_queue_cap,round_robin,42,600,766.2760178948384,629.016250305675,149.853592335741,149.67798427958317,902.875,150.42533021983195,150.42533021983198,1499,0.17615062761506275,0.17615062761506275,0.0,1.0,0.9429411864269189,0.99625,0.9418499731676923,0.9728316054241539,0.20091187892353402,232.59574468085106,464.0,0.0
baseline_queue_cap,round_robin,43,600,759.8008368706072,629.1958475775359,150.07612296487105,150.0255759711832,925.6366666666667,150.42533021983195,150.42533021983198,1510,0.1827782290820471,0.1827782290820471,0.0,1.0,0.9429411864269189,0.9985416666666667,0.9418436289450566,0.9671634586250991,0.19368370418523573,248.8585657370518,461.0,0.0
baseline_queue_cap,round_robin,44,600,764.4133077715236,633.3005278443395,150.7333976710251,150.51731041528762,916.655,150.42533021983195,150.42533021983198,1505,0.17557565789473684,0.17557565789473684,0.0,1.0,0.9429411864269189,0.9989583333333333,0.9425144800738171,0.9740602349058234,0.22225720148041234,229.598,471.0,0.0
baseline_queue_cap,round_robin,45,600,787.1612102454801,630.2404471764191,150.35250763677521,150.24157846466034,919.7566666666667,150.42533021983195,150.42533021983198,1515,0.18308702791461412,0.18308702791461412,0.0,1.0,0.9429411864269189,0.9985416666666667,0.9425614806222756,0.9757951948558978,0.19499766572823857,239.70526315789473,440.0,0.0
baseline_queue_cap,round_robin,46,600,752.7792334683929,646.1476693272664,150.41080063653447,150.3082919207364,893.03,150.42533021983195,150.42533021983198,1505,0.1443873179091688,0.1443873179091688,0.0,1.0,0.9429411864269189,0.9985416666666667,0.9421900433515269,0.9776292611084346,0.20227458288997893,242.71138211382114,463.0,0.0
baseline_queue_cap,round_robin,47,600,776.7866375396233,641.486650536634,150.36281309902674,150.29510447020073,946.8016666666666,150.42533021983195,150.42533021983198,1516,0.18170426065162906,0.18170426065162906,0.0,1.0,0.9429411864269189,0.9995833333333334,0.9420550991280882,0.9722486852243039,0.17294194462903797,252.4446952595937,483.0,0.0
baseline_queue_cap,round_robin,48,600,786.1313096884865,651.3860458005329,149.94123119088877,149.8767958185335,917.6083333333333,150.42533021983195,150.42533021983198,1515,0.17848309975267931,0.17848309975267931,0.0,1.0,0.9429411864269189,0.9975,0.9417902810307623,0.9673996656378603,0.19390107117454292,226.2405857740586,458.0,0.0
baseline_queue_cap,round_robin,49,600,743.3465389769656,611.7856214601596,150.71670497492934,150.409562044737,881.575,150.42533021983195,150.42533021983198,1514,0.17068106312292358,0.17068106312292358,0.0,1.0,0.9429411864269189,0.99875,0.9429770539644591,0.9780004322011838,0.22340955974231191,218.7888198757764,435.0,0.0
baseline_queue_cap,round_robin,50,600,778.7999490711376,626.1793486212979,150.21005231255685,150.12322432485095,916.4616666666667,150.42533021983195,150.42533021983198,1516,0.18716577540106952,0.18716577540106952,0.0,1.0,0.9429411864269189,0.9983333333333333,0.9421881465450169,0.971389623161646,0.1905394371858655,235.61521739130436,455.0,0.0
baseline_queue_cap,round_robin,51,600,770.4303003527792,620.388523676388,150.7108181135277,150.53262438047787,908.4883333333333,150.42533021983195,150.42533021983198,1491,0.18737187371873718,0.18737187371873718,0.0,1.0,0.9429411864269189,0.9989583333333333,0.942505335370685,0.968611511726045,0.20773342568243186,234.9470468431772,463.0,0.0
baseline_queue_cap,longest_queue_first,42,600,766.2760178948384,634.6285657155263,150.37027969861126,150.21881630894416,907.42,151.00381607464678,151.00381607464683,1508,0.1686192468619247,0.1686192468619247,0.0,1.0,0.9329803450675879,0.99625,0.9349796976752525,0.975383177782395,0.2013588398317811,238.31106471816284,458.0,0.0
baseline_queue_cap,longest_queue_first,43,600,759.8008368706072,628.1999810371436,150.3333911630374,150.2925259541863,930.0166666666667,152.2771165045804,152.27711650458045,1515,0.1803411860276198,0.1803411860276198,0.0,1.0,0.9187198213006891,0.9985416666666667,0.9388758120073535,0.970200270211357,0.19592611145192315,248.80119284294236,457.0,0.0
baseline_queue_cap,longest_queue_first,44,600,764.4133077715236,636.7460399601263,151.17429235215016,150.98867096618073,919.0683333333334,149.8604481168618,149.86044811686185,1513,0.1689967105263158,0.1689967105263158,0.0,1.0,0.9457211653502141,0.9989583333333333,0.9369523507914783,0.9770612686263109,0.22387605727860518,230.09251968503938,462.0,0.0
baseline_queue_cap,longest_queue_first,45,600,787.1612102454801,639.1471225624317,150.9387444707273,150.82050338119336,920.815,150.3809107541281,150.38091075412814,1514,0.180623973727422,0.180623973727422,0.0,1.0,0.9403613010286225,0.9985416666666667,0.9352619589510748,0.9773531866002848,0.19717000393920436,241.02489626556016,443.0,0.0
baseline_queue_cap,longest_queue_first,46,600,752.7792334683929,645.1996215695085,150.59195639367474,150.51196201110085,898.5666666666667,150.99852448714645,150.99852448714648,1513,0.14481576692373607,0.14481576692373607,0.0,1.0,0.9368552957562682,0.9985416666666667,0.9398624511919871,0.979858500201064,0.2025900280839029,240.96687370600415,460.0,0.0
baseline_queue_cap,longest_queue_first,47,600,776.7866375396233,641.1695946533459,150.44135518263437,150.38662718378657,949.2633333333333,151.2074989221641,151.20749892216415,1517,0.18128654970760233,0.18128654970760233,0.0,1.0,0.9351295687764651,0.9995833333333334,0.9412538262131989,0.9740280128248584,0.1733275383559685,251.62076749435667,477.0,0.0
baseline_queue_cap,longest_queue_first,48,600,786.1313096884865,654.455533675579,150.60540648327867,150.5646799135827,924.4833333333333,150.902607207802,150.90260720780205,1516,0.1768342951360264,0.1768342951360264,0.0,1.0,0.9382703969949011,0.9975,0.9334013316630696,0.9700504065238595,0.1921653744659458,234.72972972972974,460.0,0.0
baseline_queue_cap,longest_queue_first,49,600,743.3465389769656,621.1912500733588,151.0146830138024,150.72637329347864,885.5816666666667,152.78112961092648,152.78112961092654,1516,0.16403654485049834,0.16403654485049834,0.0,1.0,0.9149364708787383,0.99875,0.938742718319491,0.9796979642900739,0.2232854388105647,229.62776659959758,454.0,0.0
baseline_queue_cap,longest_queue_first,50,600,778.7999490711376,629.3951267736733,149.9724968109817,149.84598543001968,922.3083333333333,151.98940548563883,151.98940548563885,1515,0.18922254216371864,0.18922254216371864,0.0,1.0,0.9224672915152777,0.9983333333333333,0.9449550738620733,0.9727631891018729,0.18785475426058676,240.73245614035088,458.0,0.0
baseline_queue_cap,longest_queue_first,51,600,770.4303003527792,630.1772306254181,151.12117493213339,151.02649369861692,911.805,150.39346405997708,150.3934640599771,1495,0.18040180401804018,0.18040180401804018,0.0,1.0,0.9393517173449136,0.9989583333333333,0.9373439840732274,0.9712766158265149,0.20910719690983717,240.08134920634922,461.0,0.0
baseline_queue_cap,greedy_backlog,42,600,766.2760178948384,679.9667558347993,191.41734672967945,191.25904771522767,881.8066666666666,186.87591520319546,186.87591520319543,1516,0.11464435146443515,0.11464435146443515,0.0,1.0,0.9807465687885016,0.99625,0.9838201196137495,0.9908911180709186,0.24619368509810244,222.505,431.0,0.0
baseline_queue_cap,greedy_backlog,43,600,759.8008368706072,673.7562210599989,191.16594132829928,191.14623441465244,891.935,188.47109609848863,188.4710960984886,1514,0.12753858651502845,0.12753858651502845,0.0,1.0,0.9868987971377308,0.9985416666666667,0.9823257799728297,0.9860417746548442,0.25508571572080363,216.67034700315457,432.0,0.0
baseline_queue_cap,greedy_backlog,44,600,764.4133077715236,668.6434169180174,189.25535408085818,189.09907846931728,881.3083333333333,185.83049107888533,185.83049107888533,1516,0.12088815789473684,0.12088815789473684,0.0,1.0,0.9897986941894172,0.9989583333333333,0.9808961223192648,0.989949146669354,0.27270377053738665,204.15594855305466,421.0,0.0
baseline_queue_cap,greedy_backlog,45,600,787.1612102454801,683.9213173832684,191.05915977808095,190.8874556654402,874.2333333333333,188.27919930038652,188.2791993003865,1510,0.12520525451559936,0.12520525451559936,0.0,1.0,0.9768975910801235,0.9985416666666667,0.9830524456812229,0.9892557410424934,0.2565995050765115,215.69082125603865,413.0,0.0
baseline_queue_cap,greedy_backlog,46,600,752.7792334683929,687.893391462232,190.80135406839813,190.71151764422402,858.8916666666667,182.44385037569342,182.44385037569342,1518,0.0895458440445587,0.0895458440445587,0.0,1.0,0.9535281688920003,0.9985416666666667,0.9796704820806559,0.9930854684868031,0.25934876540742513,216.57331136738057,438.0,0.0
baseline_queue_cap,greedy_backlog,47,600,776.7866375396233,673.87199737444,190.23576522791657,190.15903066722115,914.845,180.13179745268928,180.13179745268928,1517,0.13283208020050125,0.13283208020050125,0.0,1.0,0.9600034772860526,0.9995833333333334,0.9806325098802876,0.9861846664223464,0.22009370836756934,230.55635062611807,471.0,0.0
baseline_queue_cap,greedy_backlog,48,600,786.1313096884865,687.4692328945157,188.04109095046326,187.99401286071338,901.305,198.0496242787945,198.04962427879454,1514,0.13314097279472384,0.13314097279472384,0.0,1.0,0.9866773914692958,0.9975,0.9799594397819518,0.9857479182342525,0.2365415399930634,218.9219015280136,439.0,0.0
baseline_queue_cap,greedy_backlog,49,600,743.3465389769656,655.1631065804556,189.0024609764206,188.7524024393251,846.51,177.08914008195356,177.08914008195356,1514,0.11586378737541528,0.11586378737541528,0.0,1.0,0.9640443749236048,0.99875,0.9797420437342149,0.9911578540827697,0.27181800892565305,208.11544715447155,401.0,0.0
baseline_queue_cap,greedy_backlog,50,600,778.7999490711376,669.1922310588286,191.03664873549033,190.92315497915104,889.8566666666667,192.85914272562943,192.8591427256294,1511,0.134923899629782,0.134923899629782,0.0,1.0,0.9881642358623273,0.9983333333333333,0.9825545117846811,0.9878651157368485,0.23813738376680124,223.05236486486487,426.0,0.0
baseline_queue_cap,greedy_backlog,51,600,770.4303003527792,676.1753077997778,191.00291596503365,190.9701569119877,883.515,177.70944364933132,177.7094436493313,1510,0.12464124641246413,0.12464124641246413,0.0,1.0,0.9534477342341975,0.9989583333333333,0.9837152881647533,0.9880586202212803,0.25305220031021175,217.0976,413.0,0.0
baseline_timeout,proportional_fair,42,600,766.2760178948384,766.2760178948384,158.66219073449093,158.53018879459682,74.2,156.817731252527,156.817731252527,91,0.7627615062761506,0.0,0.7627615062761506,1.0,0.8295172514012961,0.99625,0.7749356146917734,1.0,0.19433340678118366,15.949579831932773,20.0,20.0
baseline_timeout,proportional_fair,43,600,759.8008368706072,759.8008368706072,159.87062721815093,159.85515347561392,77.03833333333333,159.41836329939568,159.41836329939565,72,0.7632006498781478,0.0,0.7632006498781478,1.0,0.8007890574549786,0.9985416666666667,0.7632307287492249,1.0,0.20742299814557444,16.555772994129157,20.0,20.0
baseline_timeout,proportional_fair,44,600,764.4133077715236,764.4133077715236,158.86432529247384,158.70300917136248,75.63,163.00145969088325,163.0014596908832,78,0.7623355263157895,0.0,0.7623355263157895,1.0,0.7456812761758593,0.9989583333333333,0.7830010048195903,1.0,0.22083950100802038,15.922,20.0,20.0
baseline_timeout,proportional_fair,45,600,787.1612102454801,787.1612102454801,160.53483220868998,160.44455110265415,75.65333333333334,150.5134795340096,150.5134795340096,80,0.7549261083743842,0.0,0.7549261083743842,1.0,0.8267980234238991,0.9985416666666667,0.7747649510799869,1.0,0.2284968184991155,15.920696324951644,20.0,20.0
baseline_timeout,proportional_fair,46,600,752.7792334683929,752.7792334683929,159.37792321906036,159.3288098254621,72.605,158.01835589553636,158.0183558955364,65,0.766923736075407,0.0,0.766923736075407,1.0,0.7996487085693191,0.9985416666666667,0.7719073286164551,1.0,0.21060272064904148,16.07098121085595,20.0,20.0
baseline_timeout,proportional_fair,47,600,776.7866375396233,776.7866375396233,159.70006354430313,159.62442167213229,74.99333333333334,160.6987731592333,160.6987731592333,77,0.7769423558897243,0.0,0.7769423558897243,1.0,0.7306199899548736,0.9995833333333334,0.7678854268847818,1.0,0.1784950737062903,16.295404814004378,20.0,20.0
baseline_timeout,proportional_fair,48,600,786.1313096884865,786.1313096884865,159.08342675868337,159.04841962761606,76.69166666666666,160.09230684643376,160.09230684643376,74,0.7856553998351196,0.0,0.7856553998351196,1.0,0.7928503860945426,0.9975,0.7711122013756068,1.0,0.18099189524366013,16.699551569506728,20.0,20.0
baseline_timeout,proportional_fair,49,600,743.3465389769656,743.3465389769656,158.8612811805872,158.63336099318175,74.88833333333334,153.64510675801935,153.64510675801935,86,0.7574750830564784,0.0,0.7574750830564784,1.0,0.8048440553114116,0.99875,0.7905268321254938,1.0,0.23166656310771866,16.120481927710845,20.0,20.0
baseline_timeout,proportional_fair,50,600,778.7999490711376,778.7999490711376,159.58466872781167,159.50484748690735,75.96833333333333,161.23809789600003,161.23809789600003,84,0.7688194158782394,0.0,0.7688194158782394,1.0,0.7090927603526307,0.9983333333333333,0.7691995711670458,1.0,0.20687655324421061,16.253138075313807,20.0,20.0
baseline_timeout,proportional_fair,51,600,770.4303003527792,770.4303003527792,159.4569314424203,159.40909887516574,76.07333333333334,162.17039100210957,162.17039100210962,77,0.7703977039770398,0.0,0.7703977039770398,1.0,0.6516485876577878,0.9989583333333333,0.7606390846271892,1.0,0.21174463078677025,16.091097308488614,20.0,20.0
baseline_timeout,round_robin,42,600,766.2760178948384,766.2760178948384,151.90982995142554,151.50250018369653,73.24,150.42533021983195,150.42533021983198,92,0.7627615062761506,0.0,0.7627615062761506,1.0,0.9429411864269189,0.99625,0.9472748973268282,1.0,0.19302456840979354,14.726315789473684,20.0,20.0
baseline_timeout,round_robin,43,600,759.8008368706072,759.8008368706072,152.42650621412668,152.17763060319575,76.28,153.57053018346738,153.5705301834674,72,0.7725426482534524,0.0,0.7725426482534524,1.0,0.9647761146471019,0.9985416666666667,0.9470529901558101,1.0,0.20438792059100705,15.405737704918034,20.0,20.0
baseline_timeout,round_robin,44,600,764.4133077715236,764.4133077715236,152.78154352209043,152.3067913369856,74.47666666666667,153.8588202669597,153.8588202669597,77,0.7660361842105263,0.0,0.7660361842105263,1.0,0.9663380829026595,0.9989583333333333,0.94829144189083,1.0,0.2237462603259006,14.414634146341463,20.0,20.0
baseline_timeout,round_robin,45,600,787.1612102454801,787.1612102454801,152.66463754993484,152.2227796991691,74.88666666666667,150.42533021983195,150.42533021983198,81,0.7680623973727422,0.0,0.7680623973727422,1.0,0.9429411864269189,0.9985416666666667,0.947097546881343,1.0,0.21876471433676892,14.640495867768594,20.0,20.0
baseline_timeout,round_robin,46,600,752.7792334683929,752.7792334683929,152.69990395661935,152.4553039671822,72.395,154.13935281749914,154.13935281749914,66,0.7802056555269923,0.0,0.7802056555269923,1.0,0.9684337084168231,0.9985416666666667,0.9481302104587729,1.0,0.19660391903913055,15.440715883668904,20.0,20.0
baseline_timeout,round_robin,47,600,776.7866375396233,776.7866375396233,152.26462010052626,152.018547632686,74.305,154.42363689027405,154.42363689027405,75,0.7878028404344194,0.0,0.7878028404344194,1.0,0.9719181052539838,0.9995833333333334,0.9462701997148468,1.0,0.17146925913872912,15.041570438799075,20.0,20.0
baseline_timeout,round_robin,48,600,786.1313096884865,786.1313096884865,152.22922661197882,151.86797127614514,75.94833333333334,157.02827692756216,157.02827692756216,72,0.7984336356141797,0.0,0.7984336356141797,1.0,0.9700817157946467,0.9975,0.9472523074441961,1.0,0.16669774603178172,15.316546762589928,20.0,20.0
baseline_timeout,round_robin,49,600,743.3465389769656,743.3465389769656,152.84467413972558,152.24117887969405,73.96,152.06922473013165,152.06922473013165,83,0.7649501661129569,0.0,0.7649501661129569,1.0,0.9640382123315073,0.99875,0.947350820076332,1.0,0.22553934382032537,14.766045548654244,20.0,20.0
baseline_timeout,round_robin,50,600,778.7999490711376,778.7999490711376,152.25484024877528,151.94044877054884,75.25,150.42533021983195,150.42533021983198,82,0.7704648292883587,0.0,0.7704648292883587,1.0,0.9429411864269189,0.9983333333333333,0.9467061789797229,1.0,0.20072378947496017,15.313025210084033,20.0,20.0
baseline_timeout,round_robin,51,600,770.4303003527792,770.4303003527792,152.45077090334445,152.10640947117494,75.205,153.57053018346738,153.5705301834674,74,0.7822878228782287,0.0,0.7822878228782287,1.0,0.9647761146471019,0.9989583333333333,0.9464751839445855,1.0,0.19615179691571757,14.603938730853391,20.0,20.0
baseline_timeout,longest_queue_first,42,600,766.2760178948384,766.2760178948384,152.6245296151182,152.3180081725737,73.52166666666666,151.98940548563883,151.98940548563883,92,0.7644351464435146,0.0,0.7644351464435146,1.0,0.9224672915152777,0.99625,0.9350766037528355,1.0,0.19463663478010929,15.031847133757962,20.0,20.0
baseline_timeout,longest_queue_first,43,600,759.8008368706072,759.8008368706072,153.19888330996037,152.99978588635454,76.505,155.85887871227277,155.8588787122728,72,0.7717303005686433,0.0,0.7717303005686433,1.0,0.9381993443753402,0.9985416666666667,0.9336927331883794,1.0,0.2020236948309405,15.704081632653061,20.0,20.0
baseline_timeout,longest_queue_first,44,600,764.4133077715236,764.4133077715236,153.33300746167538,152.99098764024754,74.85166666666667,156.3979189660809,156.3979189660809,77,0.7619243421052632,0.0,0.7619243421052632,1.0,0.9383015196488824,0.9989583333333333,0.9376182760040394,1.0,0.22353961162159497,14.99402390438247,20.0,20.0
baseline_timeout,longest_queue_first,45,600,787.1612102454801,787.1612102454801,153.3672428043444,153.04173256274035,75.14,150.7840098575307,150.7840098575307,80,0.7610837438423645,0.0,0.7610837438423645,1.0,0.935401189738023,0.9985416666666667,0.9354685650161841,1.0,0.2262518938048658,15.155378486055778,20.0,20.0
baseline_timeout,longest_queue_first,46,600,752.7792334683929,752.7792334683929,153.46969689205835,153.29137197162518,72.475,156.35958898975602,156.35958898975605,66,0.7832047986289632,0.0,0.7832047986289632,1.0,0.9454216427607078,0.9985416666666667,0.9379166812471333,1.0,0.193073080225581,15.445454545454545,20.0,20.0
baseline_timeout,longest_queue_first,47,600,776.7866375396233,776.7866375396233,153.03604101300377,152.88633527078213,74.55333333333333,156.5752581945789,156.57525819457888,76,0.7882205513784462,0.0,0.7882205513784462,1.0,0.9477478488339439,0.9995833333333334,0.9346008044329248,1.0,0.16730160501879712,15.368909512761022,20.0,20.0
baseline_timeout,longest_queue_first,48,600,786.1313096884865,786.1313096884865,153.02087686576374,152.88917322206393,76.17,156.8897009492942,156.88970094929422,73,0.7963726298433635,0.0,0.7963726298433635,1.0,0.9358558636271224,0.9975,0.9340628990408131,1.0,0.16693024251304298,15.695961995249407,20.0,20.0
baseline_timeout,longest_queue_first,49,600,743.3465389769656,743.3465389769656,153.26252293866958,152.84829221339697,74.29833333333333,154.4384619238724,154.4384619238724,83,0.7591362126245847,0.0,0.7591362126245847,1.0,0.9404863807213623,0.99875,0.9372712887384054,1.0,0.23137935468489668,15.35010060362173,20.0,20.0
baseline_timeout,longest_queue_first,50,600,778.7999490711376,778.7999490711376,152.87053638993123,152.61923386257155,75.50833333333334,152.42246982201254,152.42246982201257,82,0.7712875359934184,0.0,0.7712875359934184,1.0,0.9177952164861352,0.9983333333333333,0.9359310342609647,1.0,0.19939462412939482,15.61603375527426,20.0,20.0
baseline_timeout,longest_queue_first,51,600,770.4303003527792,770.4303003527792,153.15804348815718,152.96257488188775,75.42833333333333,151.82282151295317,150.407627652475,74,0.7765477654776548,0.0,0.7765477654776548,1.0,0.923454610812837,0.9989583333333333,0.9355229615839307,1.0,0.204134136762825,15.07855626326964,20.0,20.0
baseline_timeout,greedy_backlog,42,600,766.2760178948384,766.2760178948384,192.32082121974585,192.16252220529407,73.66166666666666,194.43721083235374,194.4372108323537,90,0.7263598326359832,0.0,0.7263598326359832,1.0,0.9860263466664072,0.99625,0.9848936208402768,1.0,0.22013303910656282,16.161347517730498,20.0,20.0
baseline_timeout,greedy_backlog,43,600,759.8008368706072,759.8008368706072,193.61244012003536,193.59273320638854,76.38333333333334,198.23403456312667,198.23403456312667,72,0.7225832656376929,0.0,0.7225832656376929,1.0,0.9891600280725243,0.9985416666666667,0.9860477748552334,1.0,0.24888936682756377,16.654664484451718,20.0,20.0
baseline_timeout,greedy_backlog,44,600,764.4133077715236,764.4133077715236,192.43234755821626,192.27607194667533,75.12333333333333,192.5612585364487,192.56125853644866,77,0.7166940789473685,0.0,0.7166940789473685,1.0,0.9888288603317824,0.9989583333333333,0.9835574132484862,1.0,0.265059805237121,16.354575163398692,20.0,20.0
baseline_timeout,greedy_backlog,45,600,787.1612102454801,787.1612102454801,192.86097150971608,192.68926739707533,74.92833333333333,186.89246780042413,186.89246780042413,78,0.7093596059113301,0.0,0.7093596059113301,1.0,0.9725394539508369,0.9985416666666667,0.9850671735800524,1.0,0.26466598266366637,16.106349206349208,20.0,20.0
baseline_timeout,greedy_backlog,46,600,752.7792334683929,752.7792334683929,193.33227075705634,193.2424343328822,71.51333333333334,191.49546813603246,191.49546813603243,66,0.7069408740359897,0.0,0.7069408740359897,1.0,0.9933311251979644,0.9985416666666667,0.984413530997845,1.0,0.2721687428334253,16.12297734627832,20.0,20.0
baseline_timeout,greedy_backlog,47,600,776.7866375396233,776.7866375396233,192.98720565028427,192.91047108958884,74.4,199.7443914181757,199.7443914181757,76,0.7389306599832915,0.0,0.7389306599832915,1.0,0.989596132544125,0.9995833333333334,0.983592972370896,1.0,0.21787690783432026,16.438979963570127,20.0,20.0
baseline_timeout,greedy_backlog,48,600,786.1313096884865,786.1313096884865,191.96986164537304,191.9227835556232,75.66166666666666,181.59994720888767,181.59994720888767,75,0.7221764220939819,0.0,0.7221764220939819,1.0,0.9640704632548746,0.9975,0.98384883788781,1.0,0.24522640063288004,16.76794657762938,20.0,20.0
baseline_timeout,greedy_backlog,49,600,743.3465389769656,743.3465389769656,191.97331466885979,191.7232561317643,74.405,196.40327802210325,196.40327802210325,86,0.7180232558139535,0.0,0.7180232558139535,1.0,0.9907036578332288,0.99875,0.9847124096782585,1.0,0.2674408213754829,16.42664418212479,20.0,20.0
baseline_timeout,greedy_backlog,50,600,778.7999490711376,778.7999490711376,192.89799955790988,192.7845058015706,75.125,203.9661072563603,203.9661072563603,82,0.7149321266968326,0.0,0.7149321266968326,1.0,0.9894717915409121,0.9983333333333333,0.9835100824367572,1.0,0.2581072695092308,16.450081833060555,20.0,20.0
baseline_timeout,greedy_backlog,51,600,770.4303003527792,770.4303003527792,193.16440603183125,193.13164697878528,75.425,193.757268905922,193.757268905922,78,0.7273472734727348,0.0,0.7273472734727348,1.0,0.9788450184841792,0.9989583333333333,0.9854177513613552,1.0,0.24863755995425024,16.29471890971039,20.0,20.0
baseline_both,proportional_fair,42,600,766.2760178948384,619.712723429976,156.78059519568217,156.6485932557881,59.41833333333334,156.27811871427932,156.27811871427932,72,0.7635983263598326,0.18242677824267783,0.5811715481171548,1.0,0.9288984239016546,0.99625,0.825715945999669,0.8348682159633718,0.20303737373337918,15.350912778904664,20.0,20.0
baseline_both,proportional_fair,43,600,759.8008368706072,606.870406529139,158.0972830801284,158.05998807397708,59.651666666666664,159.4795961704567,159.4795961704567,62,0.7676685621445979,0.20349309504467913,0.5641754670999187,1.0,0.8292026612305939,0.9985416666666667,0.8156398415897996,0.8104209256504515,0.2036622059131904,15.547058823529412,20.0,20.0
baseline_both,proportional_fair,44,600,764.4133077715236,618.9194433773188,157.52520252110395,157.35051008445282,59.593333333333334,163.5985807482128,163.5985807482128,61,0.766858552631579,0.19161184210526316,0.5752467105263158,1.0,0.7609363641530632,0.9989583333333333,0.8214831333791025,0.8209847267452894,0.2254365601191887,15.096837944664031,20.0,20.0
baseline_both,proportional_fair,45,600,787.1612102454801,633.9617382952987,158.22874643616814,158.12192315089217,59.413333333333334,153.43566086652785,153.43566086652785,61,0.7582101806239737,0.1921182266009852,0.5660919540229885,1.0,0.8402919651048649,0.9985416666666667,0.8196196876592088,0.8252450249035521,0.2402515013376626,14.93939393939394,20.0,20.0
baseline_both,proportional_fair,46,600,752.7792334683929,613.9835594314096,158.1720014318108,158.10969650706588,58.123333333333335,158.71343739594784,158.71343739594786,61,0.7664952870608398,0.17866323907455012,0.5878320479862896,1.0,0.8380158383542243,0.9985416666666667,0.8193714594392092,0.8248880430343631,0.20914516805941047,15.258264462809917,20.0,20.0
baseline_both,proportional_fair,47,600,776.7866375396233,633.5270832883261,157.63522220919623,157.5447823209172,59.755,160.72737838114872,160.72737838114872,60,0.7798663324979115,0.1846282372598162,0.5952380952380952,1.0,0.7970583157393395,0.9995833333333334,0.8159866106536158,0.814827505047656,0.1820406453830546,15.443254817987151,20.0,20.0
baseline_both,proportional_fair,48,600,786.1313096884865,638.4296554255016,157.79985885639968,157.75744291851217,60.33,165.21506803438248,165.21506803438245,58,0.7877164056059357,0.1966199505358615,0.5910964550700742,1.0,0.8794728720158711,0.9975,0.8170012196840883,0.8178384336726806,0.18807297059894953,15.894967177242888,20.0,20.0
baseline_both,proportional_fair,49,600,743.3465389769656,602.4746327433847,156.98177445800252,156.747247514024,59.72,154.9008007069772,154.9008007069772,65,0.7678571428571429,0.18480066445182725,0.5830564784053156,1.0,0.8002819296264269,0.99875,0.8320713182798365,0.8385991903293304,0.22778024295214125,15.279352226720647,20.0,20.0
baseline_both,proportional_fair,50,600,778.7999490711376,631.4508299725902,157.9220788711997,157.82533747522055,59.68,161.78301372420245,161.78301372420242,58,0.7795146030440148,0.1958041958041958,0.583710407239819,1.0,0.7524403137457936,0.9983333333333333,0.8221905772915238,0.8242502057685195,0.21013421948000843,15.242677824267782,20.0,20.0
baseline_both,proportional_fair,51,600,770.4303003527792,610.7375803712802,158.16920455152524,158.11473067190963,59.47,156.18309753033637,156.18309753033637,55,0.7794177941779418,0.2009020090200902,0.5785157851578516,1.0,0.7667897375553624,0.9989583333333333,0.8221057052691458,0.8230200839405664,0.21159632995998218,15.306418219461698,20.0,20.0
baseline_both,round_robin,42,600,766.2760178948384,615.7665363924406,152.12835347082333,151.69547020939945,58.21666666666667,150.42533021983195,150.42533021983198,72,0.7648535564853557,0.18619246861924685,0.5786610878661088,1.0,0.9429411864269189,0.99625,0.9483659453766053,0.8295505731267515,0.1999985920064252,14.230612244897959,20.0,20.0
baseline_both,round_robin,43,600,759.8008368706072,600.2377442266736,153.06575010155458,152.71853766323238,58.666666666666664,153.57053018346738,153.5705301834674,62,0.7713241267262388,0.20796100731112915,0.5633631194151096,1.0,0.9647761146471019,0.9985416666666667,0.9486417473674783,0.8047047867523697,0.20323507182809525,14.70059880239521,20.0,20.0
baseline_both,round_robin,44,600,764.4133077715236,618.7364518774434,153.22728618548675,152.6968130674806,58.435,153.8588202669597,153.8588202669597,59,0.780016447368421,0.19613486842105263,0.5838815789473685,1.0,0.9663380829026595,0.9989583333333333,0.9496506109515253,0.8190188907044533,0.2185725247767225,13.67436974789916,20.0,20.0
baseline_both,round_robin,45,600,787.1612102454801,627.5466653520824,153.2248895816473,152.73814640789266,58.38333333333333,150.42533021983195,150.42533021983198,62,0.7680623973727422,0.19950738916256158,0.5685550082101807,1.0,0.9429411864269189,0.9985416666666667,0.9478059992218808,0.8127675776560951,0.22757687823668873,14.16699801192843,20.0,20.0
baseline_both,round_robin,46,600,752.7792334683929,610.1044385728998,153.3908684525272,153.00563117849913,57.35666666666667,154.13935281749914,154.13935281749914,61,0.7776349614395887,0.18594687232219365,0.591688089117395,1.0,0.9684337084168231,0.9985416666666667,0.9499940249808706,0.8180127517911442,0.2021864295313584,14.692139737991265,20.0,20.0
baseline_both,round_robin,47,600,776.7866375396233,625.5524877916517,152.64366178252962,152.349022250869,58.693333333333335,154.42363689027405,154.42363689027405,60,0.7911445279866333,0.19172932330827067,0.5994152046783626,1.0,0.9719181052539838,0.9995833333333334,0.9468749539840386,0.8073932486011836,0.1745817005853336,14.397727272727273,20.0,20.0
baseline_both,round_robin,48,600,786.1313096884865,627.7300349742538,152.51170034532655,152.1190606441921,59.44833333333333,157.02827692756216,157.02827692756216,55,0.8017312448474856,0.20032976092333057,0.6014014839241549,1.0,0.9700817157946467,0.9975,0.9489754838561447,0.8121419495979013,0.17110810732199308,14.673708920187794,20.0,20.0
baseline_both,round_robin,49,600,743.3465389769656,601.25720722302,153.08512012420425,152.39716533572107,58.635,152.06922473013165,152.06922473013165,65,0.7674418604651163,0.18687707641196014,0.5805647840531561,1.0,0.9640382123315073,0.99875,0.9483729658187688,0.835381807859945,0.2261152868941382,14.131313131313131,20.0,20.0
baseline_both,round_robin,50,600,778.7999490711376,626.3517806901226,152.8839310677239,152.48352704807172,58.47,154.42363689027405,154.42363689027405,54,0.7782805429864253,0.20320855614973263,0.5750719868366927,1.0,0.9719181052539838,0.9983333333333333,0.9483044272840787,0.816260815957748,0.20309227748024583,14.515463917525773,20.0,20.0
baseline_both,round_robin,51,600,770.4303003527792,608.9357843845119,152.93879261337204,152.54934837344368,58.34166666666667,153.57053018346738,153.5705301834674,51,0.7892578925789258,0.2058220582205822,0.5834358343583436,1.0,0.9647761146471019,0.9989583333333333,0.9474529271511136,0.8159164441143218,0.2004097419815376,14.049676025917927,20.0,20.0
baseline_both,longest_queue_first,42,600,766.2760178948384,616.246499273931,152.64581371669206,152.33513858953376,58.736666666666665,151.98940548563883,151.98940548563883,73,0.7665271966527196,0.18368200836820084,0.5828451882845188,1.0,0.9224672915152777,0.99625,0.9379871704341066,0.8324732630817947,0.20151476069875843,14.54639175257732,20.0,20.0
baseline_both,longest_queue_first,43,600,759.8008368706072,600.2591253763319,153.47234271886376,153.24085157322617,59.09166666666667,155.85887871227277,155.8588787122728,62,0.7725426482534524,0.20633631194151097,0.5662063363119415,1.0,0.9381993443753402,0.9985416666666667,0.9368703659893346,0.8065638353926622,0.19970769749951997,15.014056224899598,20.0,20.0
baseline_both,longest_queue_first,44,600,764.4133077715236,619.4940637767759,153.4953235957438,153.11705806178344,58.79333333333334,155.4617630244004,155.4617630244004,59,0.7738486842105263,0.1953125,0.5785361842105263,1.0,0.9462316648955205,0.9989583333333333,0.9412105805853094,0.8185665045282902,0.22061962816157973,14.25458248472505,20.0,20.0
baseline_both,longest_queue_first,45,600,787.1612102454801,628.605473877164,153.55053459288857,153.17234455849328,58.685,150.77055350707218,150.7705535070722,61,0.7672413793103449,0.1986863711001642,0.5685550082101807,1.0,0.9355135505806739,0.9985416666666667,0.9401926318670496,0.8137038679357453,0.2308329869671808,14.460474308300395,20.0,20.0
baseline_both,longest_queue_first,46,600,752.7792334683929,607.3286563873352,154.00933687296927,153.77216155790592,57.498333333333335,156.35958898975602,156.35958898975605,60,0.781491002570694,0.18508997429305912,0.596401028277635,1.0,0.9454216427607078,0.9985416666666667,0.9410572372377763,0.81830290797042,0.19324122058895937,14.664444444444445,20.0,20.0
baseline_both,longest_queue_first,47,600,776.7866375396233,628.6354310581912,153.23759271584112,153.0436044672499,59.09,156.8629692135205,156.8629692135205,60,0.7911445279866333,0.189640768588137,0.6015037593984962,1.0,0.9444052529586171,0.9995833333333334,0.9372282525252085,0.8088661034102487,0.17294328281466995,14.711363636363636,20.0,20.0
baseline_both,longest_queue_first,48,600,786.1313096884865,628.9845834051522,153.09654445442126,152.936363053893,59.74666666666667,156.03645640023012,156.03645640023012,57,0.7959604286892004,0.19868095630667765,0.5972794723825227,1.0,0.947676333117966,0.9975,0.9371710989339904,0.8140946214315994,0.1783578685327853,15.100456621004566,20.0,20.0
baseline_both,longest_queue_first,49,600,743.3465389769656,600.3690862540966,153.25948795683274,152.78396076916422,59.001666666666665,155.76911861724895,155.76911861724895,64,0.7657807308970099,0.18604651162790697,0.579734219269103,1.0,0.9241897516592584,0.99875,0.9397415982384507,0.8361244367079553,0.2291815829866951,14.558,20.0,20.0
baseline_both,longest_queue_first,50,600,778.7999490711376,627.5303187494853,153.19682676712273,152.88464895567841,59.095,157.808867264791,157.808867264791,54,0.7799259563965446,0.19991772932949403,0.5800082270670506,1.0,0.9370598200588233,0.9983333333333333,0.9400075514485021,0.8186970028584125,0.20518996486991498,14.914760914760915,20.0,20.0
baseline_both,longest_queue_first,51,600,770.4303003527792,607.0915883157875,153.53889059946863,153.32577987685642,58.54,151.08255265857073,149.66735879809258,51,0.7831078310783108,0.2058220582205822,0.5772857728577285,1.0,0.9307171363665095,0.9989583333333333,0.9373783670511472,0.818770430624651,0.20741009271601663,14.51673640167364,20.0,20.0
baseline_both,greedy_backlog,42,600,766.2760178948384,630.0959332186001,192.16343438883086,192.00513537437908,59.695,196.06343050557416,196.0634305055742,73,0.7209205020920502,0.16778242677824268,0.5531380753138075,1.0,0.9903695857647867,0.99625,0.9832281023415312,0.845965831651445,0.23129474860650448,15.447811447811448,20.0,20.0
baseline_both,greedy_backlog,43,600,759.8008368706072,616.7720733926687,193.304091134096,193.2843842204492,60.3,190.5154700685171,190.5154700685171,62,0.7258326563769293,0.18643379366368806,0.5393988627132412,1.0,0.9829167855719163,0.9985416666666667,0.9849226448513718,0.826514619918075,0.25121514979950843,15.742251223491028,20.0,20.0
baseline_both,greedy_backlog,44,600,764.4133077715236,629.8742131625493,191.80821684285183,191.65073739414123,60.083333333333336,196.26157072833718,196.26157072833715,64,0.7203947368421053,0.17722039473684212,0.5431743421052632,1.0,0.9860514719077553,0.9989583333333333,0.9829865841720243,0.8365625812005609,0.26316993754509016,15.563311688311689,20.0,20.0
baseline_both,greedy_backlog,45,600,787.1612102454801,648.5211437584602,192.19542683677878,192.02372272413805,59.895,177.93000160788782,177.93000160788782,63,0.7204433497536946,0.1748768472906404,0.5455665024630542,1.0,0.9836151746349202,0.9985416666666667,0.9838972984441542,0.8396082465474326,0.267659396215576,14.977346278317151,20.0,20.0
baseline_both,greedy_backlog,46,600,752.7792334683929,625.5809297137823,192.60250261277204,192.51266618859793,58.248333333333335,186.73751090621576,186.73751090621576,63,0.7103684661525278,0.16195372750642673,0.5484147386461011,1.0,0.9827644498285698,0.9985416666666667,0.9835909628644018,0.8423229239007557,0.26732001056871807,15.380097879282218,20.0,20.0
baseline_both,greedy_backlog,47,600,776.7866375396233,647.3453855858638,192.84896817300023,192.7722336123048,60.06,198.6102218125848,198.61022181258477,60,0.741436925647452,0.17042606516290726,0.5710108604845447,1.0,0.9914119520836162,0.9995833333333334,0.983486117309443,0.8312221374228385,0.21641204890187354,15.45974955277281,20.0,20.0
baseline_both,greedy_backlog,48,600,786.1313096884865,645.4557199251898,192.1720960327023,192.12501794295244,60.48166666666667,193.9129818635218,193.9129818635218,58,0.7337180544105524,0.18178070898598517,0.5519373454245672,1.0,0.9786294534779388,0.9975,0.9828118257639115,0.8383129335351301,0.24417034438358357,15.9421768707483,20.0,20.0
baseline_both,greedy_backlog,49,600,743.3465389769656,617.2817454917765,191.33136853108482,191.08130999398935,60.068333333333335,202.19964726293236,202.19964726293236,67,0.7225913621262459,0.17317275747508307,0.5494186046511628,1.0,0.9839359004390124,0.99875,0.9830567339448592,0.8471427719225669,0.2684568809839581,15.738768718801996,20.0,20.0
baseline_both,greedy_backlog,50,600,778.7999490711376,636.5285085872308,191.77519926226455,191.66170550592526,59.785,193.08150983790202,193.08150983790202,59,0.7223364870423694,0.1834635952283011,0.5388728918140683,1.0,0.9873737158638212,0.9983333333333333,0.9823662559690582,0.835750804727842,0.26126014089402183,15.6737012987013,20.0,20.0
baseline_both,greedy_backlog,51,600,770.4303003527792,625.2696687038867,191.856268436591,191.82350938354503,60.035,198.60745080096748,198.60745080096748,55,0.7318573185731857,0.18491184911849118,0.5469454694546946,1.0,0.9851552127341324,0.9989583333333333,0.9827472235583807,0.837955320789418,0.2512640529695935,15.67278797996661,20.0,20.0
