time,offered_load_mbps,accepted_load_mbps,capacity_sum_mbps,goodput_sum_mbps,served_step_mb,queue_sum,blocked_rate,blocked_queue_cap_rate,blocked_timeout_rate,acceptance_rate,service_rate,mean_served_delay_s,p95_served_delay_s,mean_timeout_delay_s,utilization,fairness
0.0,13.539446912749508,13.539446912749508,24.44751140943256,13.539446912749508,1.6924308640936885,0,0.0,0.0,0.0,1.0,1.0,1.0,1.0,0.0,0.125,1.0
1.0,158.01932414896186,158.01932414896186,55.15666921142349,55.15666921142349,6.894583651427936,2,0.0,0.0,0.0,1.0,0.3333333333333333,1.0,1.0,0.0,0.25,0.9872761176705666
2.0,0.0,0.0,54.95391368751413,54.95391368751413,6.869239210939266,2,0.0,0.0,0.0,1.0,0.3333333333333333,1.0,1.0,0.0,0.25,0.9879900396929855
3.0,63.53682877729611,63.53682877729611,82.63133113928248,75.11474337923255,9.389342922404069,2,0.0,0.0,0.0,1.0,0.5,2.0,3.0,0.0,0.375,0.9924498566373176
4.0,145.41641566352308,145.41641566352308,82.4445854428133,58.671700516215935,7.333962564526992,2,0.0,0.0,0.0,1.0,0.6,2.6666666666666665,4.0,0.0,0.375,0.992886176089834
5.0,76.18043154111642,76.18043154111642,106.05374051273422,75.85205620925404,9.481507026156756,2,0.0,0.0,0.0,1.0,0.7142857142857143,2.4,4.0,0.0,0.5,0.990189997185959
6.0,42.084363280080886,42.084363280080886,105.0010179989425,80.93793179870073,10.117241474837591,3,0.0,0.0,0.0,1.0,0.6666666666666666,2.1666666666666665,4.0,0.0,0.5,0.9784001735878101
7.0,0.0,0.0,74.89469814539805,56.153142111969714,7.019142763996214,1,0.0,0.0,0.0,1.0,0.8888888888888888,2.25,4.0,0.0,0.375,0.983714198607273
8.0,65.66707973312259,65.66707973312259,53.73475386323109,52.84471790610032,6.60558973826254,1,0.0,0.0,0.0,1.0,0.9,2.5555555555555554,5.0,0.0,0.25,0.9919532017869699
9.0,50.960922961140255,50.960922961140255,53.53247555678066,53.53247555678066,6.691559444597583,2,0.0,0.0,0.0,1.0,0.8181818181818182,2.5555555555555554,5.0,0.0,0.25,0.9925513541730875
10.0,0.0,0.0,53.33067814384695,38.64801572804962,4.831001966006203,0,0.0,0.0,0.0,1.0,1.0,2.5454545454545454,5.0,0.0,0.25,0.9931298313482654
11.0,0.0,0.0,0.0,0.0,0.0,0,0.0,0.0,0.0,1.0,1.0,2.5454545454545454,5.0,0.0,0.0,0.0
12.0,0.0,0.0,0.0,0.0,0.0,0,0.0,0.0,0.0,1.0,1.0,2.5454545454545454,5.0,0.0,0.0,0.0
13.0,161.9196449064683,161.9196449064683,47.802871169393114,47.802871169393114,5.975358896174139,2,0.0,0.0,0.0,1.0,0.8461538461538461,2.5454545454545454,5.0,0.0,0.25,0.9913374634438047
14.0,0.0,0.0,47.60553269883673,47.60553269883673,5.950691587354592,2,0.0,0.0,0.0,1.0,0.8461538461538461,2.5454545454545454,5.0,0.0,0.25,0.9920144742570914
15.0,121.29972820683798,121.29972820683798,102.1468539994019,83.21258576686142,10.401573220857678,3,0.0,0.0,0.0,1.0,0.8,2.4166666666666665,4.0,0.0,0.5,0.9849917668037312
16.0,175.7572777657404,175.7572777657404,172.19617555621545,131.31496366782537,16.41437045847817,3,0.0,0.0,0.0,1.0,0.8421052631578947,2.4375,4.0,0.0,0.875,0.9867332263657188
17.0,10.714422058948202,10.714422058948202,112.34664452051899,98.61355517003463,12.326694396254329,3,0.0,0.0,0.0,1.0,0.85,2.3529411764705883,4.0,0.0,0.5,0.991770168047744
18.0,0.0,0.0,87.82979907692106,61.14156446504364,7.642695558130455,0,0.0,0.0,0.0,1.0,1.0,2.5,4.0,0.0,0.375,0.9968734439829433
19.0,0.0,0.0,0.0,0.0,0.0,0,0.0,0.0,0.0,1.0,1.0,2.5,4.0,0.0,0.0,0.0
20.0,126.9747656133473,126.9747656133473,53.1674015848464,53.1674015848464,6.6459251981058,2,0.0,0.0,0.0,1.0,0.9090909090909091,2.5,4.0,0.0,0.25,0.9935841635441209
21.0,68.05974341796943,68.05974341796943,82.98995134868908,74.705634810089,9.338204351261124,2,0.0,0.0,0.0,1.0,0.9130434782608695,2.4761904761904763,4.0,0.0,0.375,0.9901598343667981
22.0,0.0,0.0,57.32019231655299,57.32019231655299,7.165024039569124,2,0.0,0.0,0.0,1.0,0.9130434782608695,2.4761904761904763,4.0,0.0,0.25,0.978852488723176
23.0,8.0,8.0,83.86778886752855,17.841280319828343,2.230160039978543,0,0.0,0.0,0.0,1.0,1.0,2.5,4.0,0.0,0.375,0.9825774005958088
24.0,0.0,0.0,0.0,0.0,0.0,0,0.0,0.0,0.0,1.0,1.0,2.5,4.0,0.0,0.0,0.0
25.0,334.12212158612994,334.12212158612994,53.56272798342479,53.56272798342479,6.695340997928099,2,0.0,0.0,0.0,1.0,0.9230769230769231,2.5,4.0,0.0,0.25,0.9924630470890528
26.0,0.0,0.0,53.64325243948878,40.92583184433974,5.1157289805424675,1,0.0,0.0,0.0,1.0,0.9615384615384616,2.48,4.0,0.0,0.25,0.9922260126239816
27.0,48.49729840365377,48.49729840365377,53.24687520152312,53.24687520152312,6.65585940019039,2,0.0,0.0,0.0,1.0,0.9259259259259259,2.48,4.0,0.0,0.25,0.9933645752743279
28.0,0.0,0.0,53.486050287541964,44.14544602099578,5.518180752624472,1,0.0,0.0,0.0,1.0,0.9629629629629629,2.4615384615384617,4.0,0.0,0.25,0.9926860724420372
29.0,23.282616385580706,23.282616385580706,53.88066336327515,47.73012779501327,5.966265974376658,1,0.0,0.0,0.0,1.0,0.9642857142857143,2.4074074074074074,4.0,0.0,0.25,0.9915106693188456
30.0,78.51520553871926,78.51520553871926,68.47047839042582,56.331958482301516,7.0414948102876895,2,0.0,0.0,0.0,1.0,0.9333333333333333,2.357142857142857,4.0,0.0,0.375,0.9973238954466139
31.0,0.0,0.0,48.89502281886512,48.89502281886512,6.11187785235814,2,0.0,0.0,0.0,1.0,0.9333333333333333,2.357142857142857,4.0,0.0,0.25,1.0
32.0,0.0,0.0,48.89502281886512,46.630758465850306,5.828844808231288,1,0.0,0.0,0.0,1.0,0.9666666666666667,2.3793103448275863,4.0,0.0,0.25,1.0
33.0,44.68140979803375,44.68140979803375,50.60708115978035,46.90407001948061,5.863008752435077,2,0.0,0.0,0.0,1.0,0.9375,2.3333333333333335,4.0,0.0,0.25,0.9988568116858377
34.0,266.78559775617333,266.78559775617333,86.7365936774691,86.73659367746912,10.84207420968364,4,0.0,0.0,0.0,1.0,0.8823529411764706,2.3333333333333335,4.0,0.0,0.375,0.9811997726136348
35.0,215.4821870077413,215.4821870077413,107.54167467629287,107.54167467629287,13.442709334536609,6,0.0,0.0,0.0,1.0,0.8333333333333334,2.3333333333333335,4.0,0.0,0.5,0.9847060654585691
36.0,0.0,0.0,106.99426839680865,106.99426839680865,13.374283549601081,5,0.0,0.0,0.0,1.0,0.8611111111111112,2.6451612903225805,4.0,0.0,0.5,0.9849139965954053
37.0,0.0,0.0,106.3780569792749,94.3814098497426,11.797676231217824,3,0.0,0.0,0.0,1.0,0.9166666666666666,2.757575757575758,5.0,0.0,0.5,0.9852398276402083
38.0,0.0,0.0,60.65353920594576,59.58617270021446,7.448271587526808,2,0.0,0.0,0.0,1.0,0.9444444444444444,2.7941176470588234,5.0,0.0,0.25,0.9897197424125633
39.0,8.0,8.0,59.06659691964005,42.61908551020748,5.327385688775935,1,0.0,0.0,0.0,1.0,0.972972972972973,2.8333333333333335,5.0,0.0,0.25,0.9711994447893193
40.0,23.583171907118384,23.583171907118384,59.38611592693222,56.4687497653143,7.0585937206642875,1,0.0,0.0,0.0,1.0,0.9736842105263158,2.7837837837837838,5.0,0.0,0.25,0.9885721184562272
41.0,129.64366447906502,129.64366447906502,61.28264789537501,61.28264789537501,7.660330986921876,2,0.0,0.0,0.0,1.0,0.9487179487179487,2.7837837837837838,5.0,0.0,0.25,0.9958718684729251
42.0,0.0,0.0,61.03256682144386,46.326422338646005,5.790802792330751,1,0.0,0.0,0.0,1.0,0.9743589743589743,2.9210526315789473,6.0,0.0,0.25,0.9964378665601427
43.0,67.51015448880948,67.51015448880948,59.374485000657,59.374485000657,7.421810625082125,2,0.0,0.0,0.0,1.0,0.95,2.9210526315789473,6.0,0.0,0.25,0.9997535791833044
44.0,0.0,0.0,59.170304099953064,59.170304099953064,7.396288012494133,2,0.0,0.0,0.0,1.0,0.95,2.9210526315789473,6.0,0.0,0.25,0.9996180535603877
45.0,0.0,0.0,58.9504631319145,21.24879480855011,2.6560993510687636,0,0.0,0.0,0.0,1.0,1.0,2.975,6.0,0.0,0.25,0.9994497315012086
46.0,0.0,0.0,0.0,0.0,0.0,0,0.0,0.0,0.0,1.0,1.0,2.975,6.0,0.0,0.0,0.0
47.0,112.94008046441301,112.94008046441301,24.689265547563544,24.689265547563544,3.086158193445443,1,0.0,0.0,0.0,1.0,0.975609756097561,2.975,6.0,0.0,0.125,1.0
48.0,0.0,0.0,24.61864358163581,24.61864358163581,3.077330447704476,1,0.0,0.0,0.0,1.0,0.975609756097561,2.975,6.0,0.0,0.125,1.0
49.0,100.75654621540895,100.75654621540895,83.07321079663795,83.07321079663795,10.384151349579744,3,0.0,0.0,0.0,1.0,0.9302325581395349,2.975,6.0,0.0,0.375,0.9740937586032213
50.0,27.866124359893067,27.866124359893067,128.70546788669645,94.57686710222254,11.822108387777817,1,0.0,0.0,0.0,1.0,0.9777777777777777,2.840909090909091,6.0,0.0,0.625,0.9713019053981516
51.0,0.0,0.0,24.44751140943256,14.604764011655192,1.825595501456899,0,0.0,0.0,0.0,1.0,1.0,2.888888888888889,6.0,0.0,0.125,1.0
52.0,169.45313280561234,169.45313280561234,58.57640594805572,58.57640594805572,7.322050743506965,2,0.0,0.0,0.0,1.0,0.9574468085106383,2.888888888888889,6.0,0.0,0.25,0.999874826267759
53.0,0.0,0.0,58.14794061116231,47.66201122112188,5.957751402640235,1,0.0,0.0,0.0,1.0,0.9787234042553191,2.869565217391304,6.0,0.0,0.25,0.9999093177942395
54.0,115.78695893797786,115.78695893797786,82.3016588708035,82.3016588708035,10.287707358850437,3,0.0,0.0,0.0,1.0,0.9387755102040817,2.869565217391304,6.0,0.0,0.375,0.9862211445838264
55.0,105.27237412549123,105.27237412549123,107.69836698517756,106.07721002947545,13.259651253684432,3,0.0,0.0,0.0,1.0,0.9411764705882353,2.8125,6.0,0.0,0.5,0.9889680782386894
56.0,0.0,0.0,86.08635955849681,57.51926940850535,7.189908676063169,2,0.0,0.0,0.0,1.0,0.9607843137254902,2.857142857142857,6.0,0.0,0.375,0.9952106597567553
57.0,0.0,0.0,55.88346712221741,31.115501979453043,3.8894377474316304,1,0.0,0.0,0.0,1.0,0.9803921568627451,2.88,6.0,0.0,0.25,0.9959484109402605
58.0,0.0,0.0,26.41702506425274,7.260408411666475,0.9075510514583094,0,0.0,0.0,0.0,1.0,1.0,2.9019607843137254,6.0,0.0,0.125,1.0
59.0,354.6771360172157,354.6771360172157,120.37312294928647,118.64198163616958,14.830247704521197,4,0.0,0.0,0.0,1.0,0.9285714285714286,2.8653846153846154,5.0,0.0,0.625,0.9871718627255515
60.0,0.0,0.0,100.80791050274917,79.01862769172487,9.87732846146561,3,0.0,0.0,0.0,1.0,0.9464285714285714,2.849056603773585,5.0,0.0,0.5,0.9917854369002959
61.0,109.8179738025681,109.8179738025681,107.0013017006718,85.90397588667314,10.737996985834142,3,0.0,0.0,0.0,1.0,0.9482758620689655,2.8545454545454545,5.0,0.0,0.5,0.9870404660162849
62.0,136.60272972666985,136.60272972666985,85.14943862855087,85.14943862855087,10.643679828568859,4,0.0,0.0,0.0,1.0,0.9333333333333333,2.8392857142857144,5.0,0.0,0.375,0.9957391838679862
63.0,0.0,0.0,84.92230193952852,84.92230193952852,10.615287742441065,3,0.0,0.0,0.0,1.0,0.95,2.8421052631578947,5.0,0.0,0.375,0.9959810939597213
64.0,0.0,0.0,84.68199078763003,73.06546842176958,9.133183552721198,2,0.0,0.0,0.0,1.0,0.9666666666666667,2.8448275862068964,5.0,0.0,0.375,0.9962200078445338
65.0,0.0,0.0,58.17344123953829,58.17344123953829,7.2716801549422865,2,0.0,0.0,0.0,1.0,0.9666666666666667,2.8448275862068964,5.0,0.0,0.25,0.9981638431936503
66.0,0.0,0.0,57.83774906505208,16.222604102498803,2.0278255128123504,0,0.0,0.0,0.0,1.0,1.0,2.966666666666667,6.0,0.0,0.25,0.9979805670988953
67.0,108.7229050231389,108.7229050231389,30.091315240688406,30.091315240688406,3.7614144050860507,1,0.0,0.0,0.0,1.0,0.9836065573770492,2.966666666666667,6.0,0.0,0.125,1.0
68.0,31.72346461702707,31.72346461702707,56.43109218115448,56.43109218115448,7.05388652264431,2,0.0,0.0,0.0,1.0,0.967741935483871,2.966666666666667,6.0,0.0,0.25,0.9962339413162711
69.0,133.94777425513146,133.94777425513146,106.76412432500756,85.44916874146915,10.681146092683644,4,0.0,0.0,0.0,1.0,0.9384615384615385,2.9508196721311477,6.0,0.0,0.5,0.9907565440864671
70.0,406.0947059743999,406.0947059743999,128.7472875627845,111.36525767427658,13.920657209284572,6,0.0,0.0,0.0,1.0,0.9117647058823529,2.935483870967742,6.0,0.0,0.625,0.9952968889719321
71.0,13.591362665576142,13.591362665576142,105.46015679721495,91.47748960433833,11.434686200542291,4,0.0,0.0,0.0,1.0,0.9420289855072463,2.953846153846154,6.0,0.0,0.5,0.9938689180493685
72.0,0.0,0.0,80.99496550045177,58.85314038723519,7.356642548404399,2,0.0,0.0,0.0,1.0,0.9710144927536232,2.955223880597015,6.0,0.0,0.375,0.9931938897279347
73.0,0.0,0.0,50.876635684887816,50.876635684887816,6.359579460610977,2,0.0,0.0,0.0,1.0,0.9710144927536232,2.955223880597015,6.0,0.0,0.25,0.9984852446050945
74.0,0.0,0.0,50.65157675686228,50.65157675686228,6.331447094607785,2,0.0,0.0,0.0,1.0,0.9710144927536232,2.955223880597015,6.0,0.0,0.25,0.9987988007458306
75.0,0.0,0.0,50.42996049704355,50.42996049704355,6.303745062130444,2,0.0,0.0,0.0,1.0,0.9710144927536232,2.955223880597015,6.0,0.0,0.25,0.9990744453045798
76.0,0.0,0.0,50.21200787891319,50.21200787891319,6.276500984864149,2,0.0,0.0,0.0,1.0,0.9710144927536232,2.955223880597015,6.0,0.0,0.25,0.9993125393299623
77.0,0.0,0.0,49.997917418199734,49.88183393957644,6.235229242447055,1,0.0,0.0,0.0,1.0,0.9855072463768116,3.0294117647058822,8.0,0.0,0.25,0.9995136455230901
78.0,64.93066720606694,64.93066720606694,49.787866878533336,32.808245358260606,4.101030669782576,1,0.0,0.0,0.0,1.0,0.9857142857142858,3.1159420289855073,8.0,0.0,0.25,0.9996785121644125
79.0,0.0,0.0,24.44751140943256,24.44751140943256,3.05593892617907,1,0.0,0.0,0.0,1.0,0.9857142857142858,3.1159420289855073,8.0,0.0,0.125,1.0
80.0,26.57750438826659,26.57750438826659,46.09789882730793,39.084593800855785,4.885574225106973,1,0.0,0.0,0.0,1.0,0.9861111111111112,3.084507042253521,8.0,0.0,0.25,1.0
81.0,24.1178177761477,24.1178177761477,45.404751392310075,25.884356953268732,3.2355446191585915,1,0.0,0.0,0.0,1.0,0.9863013698630136,3.0694444444444446,8.0,0.0,0.25,0.999767004552027
82.0,53.489045034535025,53.489045034535025,56.300520987276165,33.61502537533519,4.201878171916899,1,0.0,0.0,0.0,1.0,0.9864864864864865,3.0547945205479454,8.0,0.0,0.25,0.9829927519497614
83.0,78.19504153424538,78.19504153424538,110.0012125433364,81.19219338525652,10.149024173157065,2,0.0,0.0,0.0,1.0,0.974025974025974,3.013333333333333,8.0,0.0,0.5,0.9864531086204015
84.0,31.56338188345793,31.56338188345793,73.34253422829768,43.08639501511283,5.3857993768891035,1,0.0,0.0,0.0,1.0,0.9871794871794872,2.987012987012987,8.0,0.0,0.375,0.9999999999999998
85.0,0.0,0.0,24.44751140943256,7.1158704740253675,0.8894838092531709,0,0.0,0.0,0.0,1.0,1.0,2.9743589743589745,8.0,0.0,0.125,1.0
86.0,0.0,0.0,0.0,0.0,0.0,0,0.0,0.0,0.0,1.0,1.0,2.9743589743589745,8.0,0.0,0.0,0.0
87.0,209.23001624689263,209.23001624689263,73.94711448379928,59.23389884517351,7.404237355646689,2,0.0,0.0,0.0,1.0,0.9753086419753086,2.949367088607595,8.0,0.0,0.375,0.9968025784270806
88.0,0.0,0.0,49.487741450140206,49.487741450140206,6.185967681267526,2,0.0,0.0,0.0,1.0,0.9753086419753086,2.949367088607595,8.0,0.0,0.25,0.9953298499602224
89.0,0.0,0.0,49.48061017510726,49.48061017510726,6.185076271888407,2,0.0,0.0,0.0,1.0,0.9753086419753086,2.949367088607595,8.0,0.0,0.25,0.9953480529924998
90.0,11.996225012112397,11.996225012112397,69.7636112922985,40.75593300726564,5.094491625908205,1,0.0,0.0,0.0,1.0,0.9878048780487805,2.9382716049382718,8.0,0.0,0.375,0.9907669836116989
91.0,8.0,8.0,49.48061017510726,30.268057781318387,3.7835072226647983,0,0.0,0.0,0.0,1.0,1.0,2.9397590361445785,8.0,0.0,0.25,0.9953480529924998
92.0,0.0,0.0,0.0,0.0,0.0,0,0.0,0.0,0.0,1.0,1.0,2.9397590361445785,8.0,0.0,0.0,0.0
93.0,20.2414729820589,20.2414729820589,24.44751140943256,20.2414729820589,2.5301841227573627,0,0.0,0.0,0.0,1.0,1.0,2.9166666666666665,8.0,0.0,0.125,1.0
94.0,0.0,0.0,0.0,0.0,0.0,0,0.0,0.0,0.0,1.0,1.0,2.9166666666666665,8.0,0.0,0.0,0.0
95.0,218.37672888693174,218.37672888693174,108.9556785640743,92.81542286419658,11.601927858024572,3,0.0,0.0,0.0,1.0,0.9659090909090909,2.8941176470588235,8.0,0.0,0.5,0.9947665894427262
96.0,64.11510696097167,64.11510696097167,128.5564354434983,99.56286540979458,12.445358176224323,3,0.0,0.0,0.0,1.0,0.9666666666666667,2.8620689655172415,8.0,0.0,0.625,0.985139750154035
97.0,42.05604680268003,42.05604680268003,100.5576606506182,100.5576606506182,12.569707581327275,4,0.0,0.0,0.0,1.0,0.9560439560439561,2.8620689655172415,8.0,0.0,0.5,0.9890761693355353
98.0,23.846957201011286,23.846957201011286,118.51415738732514,53.62073533306243,6.702591916632803,1,0.0,0.0,0.0,1.0,0.9891304347826086,2.879120879120879,8.0,0.0,0.625,0.9834135113642458
99.0,0.0,0.0,24.930368452149256,1.838155593922945,0.22976944924036813,0,0.0,0.0,0.0,1.0,1.0,2.869565217391304,6.0,0.0,0.125,1.0
100.0,8.0,8.0,28.092840606002554,8.0,1.0,0,0.0,0.0,0.0,1.0,1.0,2.849462365591398,6.0,0.0,0.125,1.0
101.0,0.0,0.0,0.0,0.0,0.0,0,0.0,0.0,0.0,1.0,1.0,2.849462365591398,6.0,0.0,0.0,0.0
102.0,24.750072110972223,24.750072110972223,24.44751140943256,24.44751140943256,3.05593892617907,1,0.0,0.0,0.0,1.0,0.9893617021276596,2.849462365591398,6.0,0.0,0.125,1.0
103.0,0.0,0.0,24.44751140943256,0.30256070153966164,0.037820087692457705,0,0.0,0.0,0.0,1.0,1.0,2.8404255319148937,6.0,0.0,0.125,1.0
104.0,43.13919679203843,43.13919679203843,57.66487086760564,41.21735945817308,5.152169932271635,1,0.0,0.0,0.0,1.0,0.9895833333333334,2.8210526315789473,6.0,0.0,0.25,0.9773936217392337
105.0,0.0,0.0,33.28082249344852,1.921837333865355,0.24022966673316937,0,0.0,0.0,0.0,1.0,1.0,2.8125,6.0,0.0,0.125,1.0
106.0,68.88606264939008,68.88606264939008,32.71609609111649,32.71609609111649,4.089512011389561,1,0.0,0.0,0.0,1.0,0.9896907216494846,2.8125,6.0,0.0,0.125,1.0
107.0,0.0,0.0,32.600555362803355,32.600555362803355,4.075069420350419,1,0.0,0.0,0.0,1.0,0.9896907216494846,2.8125,6.0,0.0,0.125,1.0
108.0,45.42820063079165,45.42820063079165,80.62547774213037,36.0169226049028,4.50211532561285,2,0.0,0.0,0.0,1.0,0.98,2.795918367346939,6.0,0.0,0.375,0.988118890481188
109.0,0.0,0.0,24.44751140943256,12.980689221359091,1.6225861526698864,0,0.0,0.0,0.0,1.0,1.0,2.78,6.0,0.0,0.125,1.0
110.0,37.465372712056535,37.465372712056535,24.44751140943256,24.44751140943256,3.05593892617907,1,0.0,0.0,0.0,1.0,0.9900990099009901,2.78,6.0,0.0,0.125,1.0
111.0,0.0,0.0,24.44751140943256,13.017861302623974,1.6272326628279967,0,0.0,0.0,0.0,1.0,1.0,2.772277227722772,6.0,0.0,0.125,1.0
112.0,83.84527600540012,83.84527600540012,28.87509103848026,28.87509103848026,3.6093863798100325,1,0.0,0.0,0.0,1.0,0.9901960784313726,2.772277227722772,6.0,0.0,0.125,1.0
113.0,0.0,0.0,28.95451209745264,28.95451209745264,3.61931401218158,1,0.0,0.0,0.0,1.0,0.9901960784313726,2.772277227722772,6.0,0.0,0.125,1.0
114.0,14.473993003730316,14.473993003730316,61.66649581347146,40.48966587319754,5.061208234149692,0,0.0,0.0,0.0,1.0,1.0,2.7572815533980584,6.0,0.0,0.25,0.9966088975808453
115.0,0.0,0.0,0.0,0.0,0.0,0,0.0,0.0,0.0,1.0,1.0,2.7572815533980584,6.0,0.0,0.0,0.0
116.0,0.0,0.0,0.0,0.0,0.0,0,0.0,0.0,0.0,1.0,1.0,2.7572815533980584,6.0,0.0,0.0,0.0
117.0,63.2521429593028,63.2521429593028,26.111349497149924,26.111349497149924,3.2639186871437404,1,0.0,0.0,0.0,1.0,0.9903846153846154,2.7572815533980584,6.0,0.0,0.125,1.0
118.0,73.07227674986416,73.07227674986416,71.61849580743794,66.23398762329792,8.27924845291224,2,0.0,0.0,0.0,1.0,0.9811320754716981,2.7403846153846154,6.0,0.0,0.375,0.9979849546741424
119.0,0.0,0.0,46.91004441473233,34.87167406146762,4.358959257683453,1,0.0,0.0,0.0,1.0,0.9905660377358491,2.742857142857143,6.0,0.0,0.25,0.9978084826223464
120.0,26.1839754686416,26.1839754686416,46.83968483799894,33.591291386594335,4.198911423324292,1,0.0,0.0,0.0,1.0,0.9906542056074766,2.7452830188679247,6.0,0.0,0.25,0.9979400684386849
121.0,76.01098263576051,76.01098263576051,56.48277966641919,32.35644746166009,4.044555932707511,1,0.0,0.0,0.0,1.0,0.9907407407407407,2.7383177570093458,6.0,0.0,0.25,0.9927408553150104
122.0,62.18962434369668,62.18962434369668,82.81304457155588,65.05728462103934,8.132160577629918,2,0.0,0.0,0.0,1.0,0.9818181818181818,2.7222222222222223,6.0,0.0,0.375,0.9938941284665521
123.0,67.52947423922731,67.52947423922731,87.92624058884098,74.92382784348985,9.36547848043623,2,0.0,0.0,0.0,1.0,0.9819819819819819,2.7247706422018347,6.0,0.0,0.375,0.9866267467406958
124.0,37.93458065577102,37.93458065577102,85.97486134674551,59.54012531122655,7.442515663903318,1,0.0,0.0,0.0,1.0,0.9910714285714286,2.720720720720721,5.0,0.0,0.375,0.9708932983126229
125.0,167.95585131273154,167.95585131273154,55.15642398922401,44.084569500902475,5.510571187612809,1,0.0,0.0,0.0,1.0,0.9911504424778761,2.7142857142857144,5.0,0.0,0.25,0.9881558906280674
126.0,78.30526639916324,78.30526639916324,80.99344476896219,80.99344476896219,10.124180596120274,3,0.0,0.0,0.0,1.0,0.9739130434782609,2.7142857142857144,5.0,0.0,0.375,0.990163017981556
127.0,25.65447374833159,25.65447374833159,112.6779058777035,81.83643112701301,10.229553890876627,2,0.0,0.0,0.0,1.0,0.9827586206896551,2.692982456140351,5.0,0.0,0.5,0.9846560589955251
128.0,0.0,0.0,56.47390019862404,31.84894045432926,3.9811175567911574,1,0.0,0.0,0.0,1.0,0.9913793103448276,2.6956521739130435,5.0,0.0,0.25,0.9895910555004457
129.0,10.838057235248929,10.838057235248929,56.19438100665313,39.94578789235538,4.993223486544423,1,0.0,0.0,0.0,1.0,0.9914529914529915,2.6810344827586206,5.0,0.0,0.25,0.9987081266436328
130.0,132.92422548017217,132.92422548017217,108.2838909402743,74.42656701711658,9.303320877139573,2,0.0,0.0,0.0,1.0,0.9833333333333333,2.694915254237288,6.0,0.0,0.5,0.9905554993468138
131.0,0.0,0.0,48.89502281886512,44.1413404198172,5.51766755247715,1,0.0,0.0,0.0,1.0,0.9916666666666667,2.689075630252101,6.0,0.0,0.25,1.0
132.0,107.49777016962072,107.49777016962072,56.05622074025523,56.05622074025523,7.007027592531903,2,0.0,0.0,0.0,1.0,0.9834710743801653,2.689075630252101,6.0,0.0,0.25,0.983941935606286
133.0,27.219764003052596,27.219764003052596,82.81691383701886,65.80975325964359,8.226219157455448,2,0.0,0.0,0.0,1.0,0.9836065573770492,2.7,6.0,0.0,0.375,0.9881830058561012
134.0,0.0,0.0,58.685018589977275,32.23424611400709,4.0292807642508865,1,0.0,0.0,0.0,1.0,0.9918032786885246,2.6942148760330578,6.0,0.0,0.25,0.9935247419217033
135.0,8.0,8.0,55.468742553390406,20.50517630025726,2.5631470375321577,0,0.0,0.0,0.0,1.0,1.0,2.6910569105691056,6.0,0.0,0.25,0.9957449140633993
136.0,0.0,0.0,0.0,0.0,0.0,0,0.0,0.0,0.0,1.0,1.0,2.6910569105691056,6.0,0.0,0.0,0.0
137.0,0.0,0.0,0.0,0.0,0.0,0,0.0,0.0,0.0,1.0,1.0,2.6910569105691056,6.0,0.0,0.0,0.0
138.0,108.37329229477317,108.37329229477317,53.87290230601344,32.447511409432565,4.055938926179071,1,0.0,0.0,0.0,1.0,0.992,2.6774193548387095,6.0,0.0,0.25,0.9915344376423457
139.0,0.0,0.0,24.44751140943256,24.44751140943256,3.05593892617907,1,0.0,0.0,0.0,1.0,0.992,2.6774193548387095,6.0,0.0,0.125,1.0
140.0,34.54597987350317,34.54597987350317,55.85890009423866,55.85890009423866,6.982362511779833,2,0.0,0.0,0.0,1.0,0.9841269841269841,2.6774193548387095,6.0,0.0,0.25,0.9846954907809612
141.0,8.0,8.0,85.776666273344,35.58210259812964,4.447762824766205,1,0.0,0.0,0.0,1.0,0.9921259842519685,2.6587301587301586,6.0,0.0,0.375,0.9892989499138464
142.0,0.0,0.0,24.44751140943256,2.5832466570429133,0.32290583213036417,0,0.0,0.0,0.0,1.0,1.0,2.677165354330709,6.0,0.0,0.125,1.0
143.0,0.0,0.0,0.0,0.0,0.0,0,0.0,0.0,0.0,1.0,1.0,2.677165354330709,6.0,0.0,0.0,0.0
144.0,0.0,0.0,0.0,0.0,0.0,0,0.0,0.0,0.0,1.0,1.0,2.677165354330709,6.0,0.0,0.0,0.0
145.0,151.771392168249,151.771392168249,30.27352621263283,30.27352621263283,3.784190776579104,1,0.0,0.0,0.0,1.0,0.9921875,2.677165354330709,6.0,0.0,0.125,1.0
146.0,101.38434779717323,101.38434779717323,56.799500769131,56.799500769131,7.099937596141375,2,0.0,0.0,0.0,1.0,0.9844961240310077,2.677165354330709,6.0,0.0,0.25,0.9999638594928659
147.0,0.0,0.0,56.3355662591853,56.3355662591853,7.041945782398162,2,0.0,0.0,0.0,1.0,0.9844961240310077,2.677165354330709,6.0,0.0,0.25,0.9999723115667615
148.0,87.74058817632601,87.74058817632601,96.40796166937946,96.40796166937946,12.050995208672433,4,0.0,0.0,0.0,1.0,0.9694656488549618,2.677165354330709,6.0,0.0,0.5,0.9828898613613701
149.0,288.94442163886686,288.94442163886686,121.76521712305566,105.78303336996795,13.222879171245994,3,0.0,0.0,0.0,1.0,0.9772727272727273,2.682170542635659,6.0,0.0,0.625,0.9865848396330696
150.0,249.46717362901052,249.46717362901052,100.27282598462996,79.46790200306964,9.933487750383705,2,0.0,0.0,0.0,1.0,0.9850746268656716,2.696969696969697,6.0,0.0,0.5,0.9941859183726467
151.0,0.0,0.0,50.41575996344018,50.41575996344018,6.301969995430023,2,0.0,0.0,0.0,1.0,0.9850746268656716,2.696969696969697,6.0,0.0,0.25,0.9990909647945995
152.0,0.0,0.0,50.48709952080172,50.48709952080172,6.310887440100215,2,0.0,0.0,0.0,1.0,0.9850746268656716,2.696969696969697,6.0,0.0,0.25,0.9990065741015944
153.0,292.0627803449059,292.0627803449059,81.07473843494053,81.07473843494053,10.134342304367566,4,0.0,0.0,0.0,1.0,0.9705882352941176,2.696969696969697,6.0,0.0,0.375,0.9911048937954303
154.0,126.775230738533,126.775230738533,125.08752881387728,125.08752881387728,15.63594110173466,6,0.0,0.0,0.0,1.0,0.9565217391304348,2.696969696969697,6.0,0.0,0.625,0.9844822989162406
155.0,0.0,0.0,125.06132360663281,104.34755754692948,13.043444693366185,5,0.0,0.0,0.0,1.0,0.9637681159420289,2.699248120300752,6.0,0.0,0.625,0.9847513911032083
156.0,121.04198449265971,121.04198449265971,118.2104922410631,100.94148720864582,12.617685901080728,5,0.0,0.0,0.0,1.0,0.9640287769784173,2.701492537313433,6.0,0.0,0.625,0.9917762573554078
157.0,0.0,0.0,97.82947620989657,81.88831624502012,10.236039530627515,4,0.0,0.0,0.0,1.0,0.9712230215827338,2.7111111111111112,6.0,0.0,0.5,0.9897973418978522
158.0,54.84925663499405,54.84925663499405,128.11824494520923,119.95220587037937,14.994025733797422,6,0.0,0.0,0.0,1.0,0.9577464788732394,2.698529411764706,6.0,0.0,0.625,0.9891363656364771
159.0,55.42831447210851,55.42831447210851,122.02613602808836,101.84223512532793,12.730279390665991,6,0.0,0.0,0.0,1.0,0.958041958041958,2.6934306569343067,6.0,0.0,0.625,0.9976073188901612
160.0,81.80304022394483,81.80304022394483,130.51876385922856,117.02826379668251,14.628532974585314,4,0.0,0.0,0.0,1.0,0.9724137931034482,2.8368794326241136,6.0,0.0,0.625,0.9951446406257302
161.0,107.76032487012812,107.76032487012812,160.33904983449477,138.07534350854593,17.25941793856824,4,0.0,0.0,0.0,1.0,0.972972972972973,2.8194444444444446,6.0,0.0,0.75,0.9952009719260518
162.0,217.61156558460186,217.61156558460186,112.98439587002783,91.3065583289399,11.413319791117488,3,0.0,0.0,0.0,1.0,0.98,2.8095238095238093,6.0,0.0,0.5,0.9895114636442985
163.0,70.11634538708535,70.11634538708535,111.17787496461138,80.88051747389093,10.110064684236367,3,0.0,0.0,0.0,1.0,0.9801324503311258,2.804054054054054,6.0,0.0,0.5,0.9857067366891732
164.0,82.40837491221116,82.40837491221116,105.69666347926021,105.69666347926022,13.212082934907528,4,0.0,0.0,0.0,1.0,0.9736842105263158,2.804054054054054,6.0,0.0,0.5,0.988686262226191
165.0,0.0,0.0,105.89270707941556,102.66651823820321,12.833314779775401,3,0.0,0.0,0.0,1.0,0.9802631578947368,2.8053691275167787,6.0,0.0,0.5,0.9884092250385375
166.0,29.50063645534371,29.50063645534371,106.08510985639872,106.08510985639872,13.26063873204984,4,0.0,0.0,0.0,1.0,0.9738562091503268,2.8053691275167787,6.0,0.0,0.5,0.9881485538833416
167.0,46.116751915531175,46.116751915531175,128.29504587478326,90.69773803238547,11.337217254048184,3,0.0,0.0,0.0,1.0,0.9805194805194806,2.80794701986755,6.0,0.0,0.625,0.9851238484832301
168.0,29.949699167860388,29.949699167860388,128.32466910079188,108.06014811861284,13.507518514826605,2,0.0,0.0,0.0,1.0,0.9871794871794872,2.779220779220779,6.0,0.0,0.625,0.9846520884907622
169.0,97.21665626612253,97.21665626612253,104.85047198076632,64.57073277393903,8.071341596742378,3,0.0,0.0,0.0,1.0,0.9811320754716981,2.9038461538461537,8.0,0.0,0.5,0.9736529633280798
170.0,8.0,8.0,76.1789910874023,50.13673152724701,6.267091440905876,1,0.0,0.0,0.0,1.0,0.99375,2.880503144654088,8.0,0.0,0.375,0.9899013215290429
171.0,113.92377849912835,113.92377849912835,72.0723322680571,45.528504189756916,5.6910630237196145,1,0.0,0.0,0.0,1.0,0.9938271604938271,2.869565217391304,8.0,0.0,0.375,0.9860245361818645
172.0,0.0,0.0,24.44751140943256,24.44751140943256,3.05593892617907,1,0.0,0.0,0.0,1.0,0.9938271604938271,2.869565217391304,8.0,0.0,0.125,1.0
173.0,0.0,0.0,24.44751140943256,24.44751140943256,3.05593892617907,1,0.0,0.0,0.0,1.0,0.9938271604938271,2.869565217391304,8.0,0.0,0.125,1.0
174.0,0.0,0.0,24.44751140943256,23.140392219327797,2.8925490274159746,0,0.0,0.0,0.0,1.0,1.0,2.876543209876543,8.0,0.0,0.125,1.0
175.0,269.14537261433816,269.14537261433816,79.1787141303149,79.17871413031489,9.897339266289361,3,0.0,0.0,0.0,1.0,0.9818181818181818,2.876543209876543,8.0,0.0,0.375,0.9901559452769001
176.0,129.5419995967674,129.5419995967674,141.33910028122204,125.15560713125411,15.644450891406764,5,0.0,0.0,0.0,1.0,0.9702380952380952,2.871165644171779,8.0,0.0,0.75,0.9860809035471153
177.0,96.00283232383208,96.00283232383208,146.5351481106052,118.04741293147788,14.755926616434735,4,0.0,0.0,0.0,1.0,0.9763313609467456,2.860606060606061,8.0,0.0,0.75,0.9749846259362568
178.0,81.6606370070806,81.6606370070806,129.61648598563372,129.61648598563372,16.202060748204214,5,0.0,0.0,0.0,1.0,0.9705882352941176,2.860606060606061,8.0,0.0,0.625,0.9809837049221607
179.0,0.0,0.0,129.48322268594058,82.38660530461034,10.298325663076293,2,0.0,0.0,0.0,1.0,0.9882352941176471,2.880952380952381,8.0,0.0,0.625,0.9810357649280675
180.0,106.5179892200903,106.5179892200903,77.89908810932603,59.867121704630975,7.483390213078872,2,0.0,0.0,0.0,1.0,0.9883040935672515,2.899408284023669,8.0,0.0,0.375,0.9692551898187673
181.0,27.912044363277573,27.912044363277573,82.82890289017577,72.97462255185549,9.121827818981936,2,0.0,0.0,0.0,1.0,0.9883720930232558,2.9058823529411764,8.0,0.0,0.375,0.9842126190386918
182.0,55.744981492794864,55.744981492794864,58.545004601099194,58.545004601099194,7.318125575137399,2,0.0,0.0,0.0,1.0,0.9884393063583815,2.9005847953216373,8.0,0.0,0.25,0.9883474121595471
183.0,0.0,0.0,58.68952404069053,35.38132420541616,4.42266552567702,1,0.0,0.0,0.0,1.0,0.9942196531791907,2.9069767441860463,6.0,0.0,0.25,0.9892939527420795
184.0,136.39226827539684,136.39226827539684,76.58561361423531,58.29069212246744,7.28633651530843,2,0.0,0.0,0.0,1.0,0.9885714285714285,2.907514450867052,6.0,0.0,0.375,0.9973508230614184
185.0,10.421799824850064,10.421799824850064,78.97468668619561,64.94897510161312,8.11862188770164,2,0.0,0.0,0.0,1.0,0.9886363636363636,2.896551724137931,6.0,0.0,0.375,0.9968886643023827
186.0,0.0,0.0,54.7157421560613,28.94735894805458,3.6184198685068223,0,0.0,0.0,0.0,1.0,1.0,2.897727272727273,6.0,0.0,0.25,0.9990498796500059
187.0,0.0,0.0,0.0,0.0,0.0,0,0.0,0.0,0.0,1.0,1.0,2.897727272727273,6.0,0.0,0.0,0.0
188.0,59.23040663177265,59.23040663177265,54.43224185409065,46.84364104786036,5.855455130982545,1,0.0,0.0,0.0,1.0,0.9943820224719101,2.8870056497175143,6.0,0.0,0.25,0.9897576449121614
189.0,58.41673128060084,58.41673128060084,75.80412711883511,49.10404474181702,6.1380055927271275,1,0.0,0.0,0.0,1.0,0.9944444444444445,2.8715083798882683,6.0,0.0,0.375,0.9899319992617707
190.0,179.58991692544367,179.58991692544367,61.875767491401085,53.23087088563916,6.653858860704895,1,0.0,0.0,0.0,1.0,0.994475138121547,2.8666666666666667,6.0,0.0,0.25,0.9996320814608808
191.0,0.0,0.0,31.353767857927195,31.353767857927195,3.9192209822408994,1,0.0,0.0,0.0,1.0,0.994475138121547,2.8666666666666667,6.0,0.0,0.125,1.0
192.0,0.0,0.0,31.166437311930576,31.166437311930576,3.895804663991322,1,0.0,0.0,0.0,1.0,0.994475138121547,2.8666666666666667,6.0,0.0,0.125,1.0
193.0,0.0,0.0,30.970460624719575,30.970460624719575,3.871307578089947,1,0.0,0.0,0.0,1.0,0.994475138121547,2.8666666666666667,6.0,0.0,0.125,1.0
194.0,0.0,0.0,30.766765628627397,30.766765628627397,3.8458457035784246,1,0.0,0.0,0.0,1.0,0.994475138121547,2.8666666666666667,6.0,0.0,0.125,1.0
195.0,25.754655774178048,25.754655774178048,55.00369237542734,48.24857814872844,6.031072268591055,1,0.0,0.0,0.0,1.0,0.9945054945054945,2.883977900552486,6.0,0.0,0.25,0.9878161179749086
196.0,322.2835561776527,322.2835561776527,75.09908816629483,51.00003993600278,6.375004992000347,1,0.0,0.0,0.0,1.0,0.9945945945945946,2.858695652173913,6.0,0.0,0.375,0.9989070288034131
197.0,71.22557671254114,71.22557671254114,50.876635684887816,50.876635684887816,6.359579460610977,2,0.0,0.0,0.0,1.0,0.989247311827957,2.858695652173913,6.0,0.0,0.25,0.9984852446050945
198.0,29.139731502081467,29.139731502081467,75.39807854191478,75.39807854191478,9.424759817739348,3,0.0,0.0,0.0,1.0,0.983957219251337,2.858695652173913,6.0,0.0,0.375,0.9986909231419104
199.0,29.68513570045471,29.68513570045471,95.37237202572861,71.47424921279188,8.934281151598984,2,0.0,0.0,0.0,1.0,0.9893617021276596,2.8548387096774195,6.0,0.0,0.5,0.9951079913364835
200.0,169.5484224889219,169.5484224889219,116.89060313542863,87.89924265882568,10.98740533235321,3,0.0,0.0,0.0,1.0,0.9842931937172775,2.8404255319148937,6.0,0.0,0.625,0.9884961533032155
201.0,168.18491761283366,168.18491761283366,101.78944601103117,100.51584132655974,12.564480165819967,3,0.0,0.0,0.0,1.0,0.984375,2.835978835978836,6.0,0.0,0.5,0.999114724453591
202.0,0.0,0.0,75.67186836358987,75.67186836358987,9.458983545448733,3,0.0,0.0,0.0,1.0,0.984375,2.835978835978836,6.0,0.0,0.375,0.9995019351514886
203.0,52.94688910038903,52.94688910038903,95.69397458260366,95.69397458260364,11.961746822825456,4,0.0,0.0,0.0,1.0,0.9792746113989638,2.835978835978836,6.0,0.0,0.5,0.9935339561701365
204.0,40.962935525676414,40.962935525676414,122.3271773042429,113.90139482931096,14.23767435366387,4,0.0,0.0,0.0,1.0,0.979381443298969,2.8473684210526318,6.0,0.0,0.625,0.9919340499532198
205.0,187.84128132296104,187.84128132296104,147.65222921133437,116.71175213659214,14.588969017074017,4,0.0,0.0,0.0,1.0,0.9796954314720813,2.8341968911917097,6.0,0.0,0.75,0.9967759389344
206.0,46.41951157123245,46.41951157123245,108.81997913264618,108.63451833993325,13.579314792491656,4,0.0,0.0,0.0,1.0,0.9797979797979798,2.829896907216495,6.0,0.0,0.5,0.9914389529867711
207.0,0.0,0.0,84.67506344213892,56.22476862100288,7.02809607762536,1,0.0,0.0,0.0,1.0,0.9949494949494949,2.8934010152284264,7.0,0.0,0.375,0.9945966909022869
208.0,30.27568458609119,30.27568458609119,54.38603084938039,54.38603084938039,6.798253856172549,2,0.0,0.0,0.0,1.0,0.9899497487437185,2.8934010152284264,7.0,0.0,0.25,0.9954151130726738
209.0,75.49583247439298,75.49583247439298,78.8798789178774,58.65131514860168,7.33141439357521,2,0.0,0.0,0.0,1.0,0.99,2.888888888888889,7.0,0.0,0.375,0.9934887830424256
210.0,66.63598763058357,66.63598763058357,85.28565769180204,85.28565769180204,10.660707211475255,3,0.0,0.0,0.0,1.0,0.9850746268656716,2.888888888888889,7.0,0.0,0.375,0.9896215639703524
211.0,25.92948726588536,25.92948726588536,105.53310338989559,105.5331033898956,13.19163792373695,4,0.0,0.0,0.0,1.0,0.9801980198019802,2.888888888888889,7.0,0.0,0.5,0.9848338523811685
212.0,18.72718458600988,18.72718458600988,132.43225176340547,28.750807308757835,3.5938509135947294,0,0.0,0.0,0.0,1.0,1.0,2.9064039408866993,8.0,0.0,0.625,0.9913423055555158
213.0,0.0,0.0,0.0,0.0,0.0,0,0.0,0.0,0.0,1.0,1.0,2.9064039408866993,8.0,0.0,0.0,0.0
214.0,0.0,0.0,0.0,0.0,0.0,0,0.0,0.0,0.0,1.0,1.0,2.9064039408866993,8.0,0.0,0.0,0.0
215.0,355.71737862521303,355.71737862521303,113.06391034885371,88.43333627904964,11.054167034881205,3,0.0,0.0,0.0,1.0,0.9855072463768116,2.8970588235294117,8.0,0.0,0.5,0.9896997253933826
216.0,0.0,0.0,84.72936119598158,81.0943997919575,10.136799973994687,2,0.0,0.0,0.0,1.0,0.9903381642512077,2.892682926829268,8.0,0.0,0.375,0.9925540085645311
217.0,33.907487972930454,33.907487972930454,75.32536578461622,75.32536578461622,9.415670723077028,3,0.0,0.0,0.0,1.0,0.9855769230769231,2.892682926829268,8.0,0.0,0.375,0.9918435932923088
218.0,0.0,0.0,75.14687969414975,43.0347696766729,5.379346209584113,1,0.0,0.0,0.0,1.0,0.9951923076923077,2.893719806763285,8.0,0.0,0.375,0.9915713840354664
219.0,0.0,0.0,25.60755865430562,25.60755865430562,3.2009448317882025,1,0.0,0.0,0.0,1.0,0.9951923076923077,2.893719806763285,8.0,0.0,0.125,1.0
220.0,18.91792771975125,18.91792771975125,50.32419485055864,44.79461116087733,5.599326395109666,1,0.0,0.0,0.0,1.0,0.9952153110047847,2.8846153846153846,8.0,0.0,0.25,0.9991941295694974
221.0,0.0,0.0,26.14811411123525,26.14811411123525,3.2685142639044065,1,0.0,0.0,0.0,1.0,0.9952153110047847,2.8846153846153846,8.0,0.0,0.125,1.0
222.0,25.393073716984077,25.393073716984077,58.03030654671653,49.49771257616435,6.187214072020544,0,0.0,0.0,0.0,1.0,1.0,2.9,8.0,0.0,0.25,0.9920734289202573
223.0,101.54639672925907,101.54639672925907,52.25782704520864,39.663749628994054,4.957968703624257,1,0.0,0.0,0.0,1.0,0.9952830188679245,2.890995260663507,8.0,0.0,0.25,0.9958761221370331
224.0,0.0,0.0,27.530684178852066,27.530684178852066,3.4413355223565083,1,0.0,0.0,0.0,1.0,0.9952830188679245,2.890995260663507,8.0,0.0,0.125,1.0
225.0,76.69358015028735,76.69358015028735,51.69921133749739,51.69921133749739,6.4624014171871735,2,0.0,0.0,0.0,1.0,0.9906103286384976,2.890995260663507,8.0,0.0,0.25,0.9970666036484097
226.0,0.0,0.0,51.421176773563616,31.54777440278068,3.943471800347585,1,0.0,0.0,0.0,1.0,0.9953051643192489,2.8962264150943398,8.0,0.0,0.25,0.9975923756423549
227.0,133.85021978401753,133.85021978401753,49.1367769569961,49.1367769569961,6.142097119624513,2,0.0,0.0,0.0,1.0,0.9906542056074766,2.8962264150943398,8.0,0.0,0.25,0.9999757939465383
228.0,80.5230697251094,80.5230697251094,83.36861630511265,66.01750550856076,8.252188188570095,2,0.0,0.0,0.0,1.0,0.9907407407407407,2.892523364485981,8.0,0.0,0.5,0.9945850054723953
229.0,14.920232543484621,14.920232543484621,76.26485350213395,62.51655981662289,7.814569977077861,2,0.0,0.0,0.0,1.0,0.9907834101382489,2.883720930232558,8.0,0.0,0.375,0.9914817192827019
230.0,98.51431415548223,98.51431415548223,72.90088116299151,65.08067505210713,8.13508438151339,2,0.0,0.0,0.0,1.0,0.9908256880733946,2.884259259259259,8.0,0.0,0.375,0.9984994507842738
231.0,0.0,0.0,48.23086183043337,48.23086183043337,6.028857728804171,2,0.0,0.0,0.0,1.0,0.9908256880733946,2.884259259259259,8.0,0.0,0.25,0.9980480528617643
232.0,65.85342081503532,65.85342081503532,108.38057737415143,94.08773381968714,11.760966727460893,2,0.0,0.0,0.0,1.0,0.990909090909091,2.889908256880734,8.0,0.0,0.5,0.9860464465157249
233.0,0.0,0.0,55.70349072443713,36.389701370143925,4.548712671267991,0,0.0,0.0,0.0,1.0,1.0,2.890909090909091,8.0,0.0,0.25,0.9965823205225768
234.0,33.973308730113516,33.973308730113516,50.981364147753524,33.973308730113516,4.2466635912641895,0,0.0,0.0,0.0,1.0,1.0,2.873873873873874,8.0,0.0,0.25,0.9983280584310833
235.0,0.0,0.0,0.0,0.0,0.0,0,0.0,0.0,0.0,1.0,1.0,2.873873873873874,8.0,0.0,0.0,0.0
236.0,0.0,0.0,0.0,0.0,0.0,0,0.0,0.0,0.0,1.0,1.0,2.873873873873874,8.0,0.0,0.0,0.0
237.0,20.125600289625666,20.125600289625666,25.685156658134837,20.125600289625666,2.5157000362032083,0,0.0,0.0,0.0,1.0,1.0,2.8654708520179373,8.0,0.0,0.125,1.0
238.0,55.39084206309973,55.39084206309973,35.31674363744737,35.31674363744737,4.414592954680921,1,0.0,0.0,0.0,1.0,0.9955357142857143,2.8654708520179373,8.0,0.0,0.125,1.0
239.0,0.0,0.0,35.082739251031285,20.074098425652366,2.5092623032065458,0,0.0,0.0,0.0,1.0,1.0,2.861607142857143,8.0,0.0,0.125,1.0
240.0,0.0,0.0,0.0,0.0,0.0,0,0.0,0.0,0.0,1.0,1.0,2.861607142857143,8.0,0.0,0.0,0.0
241.0,0.0,0.0,0.0,0.0,0.0,0,0.0,0.0,0.0,1.0,1.0,2.861607142857143,8.0,0.0,0.0,0.0
242.0,8.0,8.0,31.80548644812802,8.0,1.0,0,0.0,0.0,0.0,1.0,1.0,2.8533333333333335,8.0,0.0,0.125,1.0
243.0,8.0,8.0,34.086599240070896,8.0,1.0,0,0.0,0.0,0.0,1.0,1.0,2.8451327433628317,8.0,0.0,0.125,1.0
244.0,0.0,0.0,0.0,0.0,0.0,0,0.0,0.0,0.0,1.0,1.0,2.8451327433628317,8.0,0.0,0.0,0.0
245.0,23.413219760671943,23.413219760671943,48.89502281886512,23.413219760671943,2.926652470083993,0,0.0,0.0,0.0,1.0,1.0,2.8289473684210527,8.0,0.0,0.25,1.0
246.0,177.74208604078967,177.74208604078967,32.63181791864582,32.63181791864582,4.078977239830728,1,0.0,0.0,0.0,1.0,0.9956331877729258,2.8289473684210527,8.0,0.0,0.125,1.0
247.0,16.349509444030055,16.349509444030055,59.20611459784817,49.150616159387596,6.1438270199234495,1,0.0,0.0,0.0,1.0,0.9956521739130435,2.8209606986899565,8.0,0.0,0.25,0.988463926000336
248.0,46.34446031313188,46.34446031313188,60.5474206120406,60.5474206120406,7.568427576505075,2,0.0,0.0,0.0,1.0,0.9913419913419913,2.8209606986899565,8.0,0.0,0.25,0.9922400795831163
249.0,10.14298269784719,10.14298269784719,60.43727595718437,60.43727595718437,7.554659494648046,2,0.0,0.0,0.0,1.0,0.9913793103448276,2.8173913043478263,8.0,0.0,0.25,0.9911210375099929
250.0,118.83903711519706,118.83903711519706,84.75215569804625,59.16228986461589,7.395286233076987,2,0.0,0.0,0.0,1.0,0.9914163090128756,2.813852813852814,7.0,0.0,0.375,0.9835448685754599
251.0,16.286230826750575,16.286230826750575,78.663921832255,52.43230963376162,6.554038704220202,1,0.0,0.0,0.0,1.0,0.9957264957264957,2.819742489270386,7.0,0.0,0.375,0.9651238949896124
252.0,0.0,0.0,24.44751140943256,24.44751140943256,3.05593892617907,1,0.0,0.0,0.0,1.0,0.9957264957264957,2.819742489270386,7.0,0.0,0.125,1.0
253.0,0.0,0.0,24.44751140943256,24.44751140943256,3.05593892617907,1,0.0,0.0,0.0,1.0,0.9957264957264957,2.819742489270386,7.0,0.0,0.125,1.0
254.0,0.0,0.0,24.44751140943256,22.447553473245396,2.8059441841556745,0,0.0,0.0,0.0,1.0,1.0,2.8290598290598292,7.0,0.0,0.125,1.0
255.0,0.0,0.0,0.0,0.0,0.0,0,0.0,0.0,0.0,1.0,1.0,2.8290598290598292,7.0,0.0,0.0,0.0
256.0,16.366897140166294,16.366897140166294,24.44751140943256,16.366897140166294,2.045862142520787,0,0.0,0.0,0.0,1.0,1.0,2.821276595744681,7.0,0.0,0.125,1.0
257.0,0.0,0.0,0.0,0.0,0.0,0,0.0,0.0,0.0,1.0,1.0,2.821276595744681,7.0,0.0,0.0,0.0
258.0,0.0,0.0,0.0,0.0,0.0,0,0.0,0.0,0.0,1.0,1.0,2.821276595744681,7.0,0.0,0.0,0.0
259.0,0.0,0.0,0.0,0.0,0.0,0,0.0,0.0,0.0,1.0,1.0,2.821276595744681,7.0,0.0,0.0,0.0
260.0,8.0,8.0,24.44751140943256,8.0,1.0,0,0.0,0.0,0.0,1.0,1.0,2.8135593220338984,7.0,0.0,0.125,1.0
261.0,173.02131386622452,173.02131386622452,29.084964147348092,29.084964147348092,3.6356205184185115,1,0.0,0.0,0.0,1.0,0.9957805907172996,2.8135593220338984,7.0,0.0,0.125,1.0
262.0,75.06776892834118,75.06776892834118,83.53529298593158,75.57629150594481,9.447036438243101,2,0.0,0.0,0.0,1.0,0.9916317991631799,2.8059071729957807,7.0,0.0,0.375,0.9877044733756912
263.0,0.0,0.0,59.34545408759571,53.954906887647965,6.744363360955996,1,0.0,0.0,0.0,1.0,0.99581589958159,2.802521008403361,7.0,0.0,0.25,0.9938160491151397
264.0,0.0,0.0,29.69300362016166,29.69300362016166,3.7116254525202077,1,0.0,0.0,0.0,1.0,0.99581589958159,2.802521008403361,7.0,0.0,0.125,1.0
265.0,53.73829162994626,53.73829162994626,54.3438286365673,54.3438286365673,6.792978579570913,2,0.0,0.0,0.0,1.0,0.9916666666666667,2.802521008403361,7.0,0.0,0.25,0.990046909110502
266.0,182.87651669604955,182.87651669604955,75.504516172552,75.28835079863849,9.411043849829811,2,0.0,0.0,0.0,1.0,0.991701244813278,2.8158995815899583,7.0,0.0,0.375,0.9810425739897334
267.0,47.22228678156066,47.22228678156066,123.2301525634174,75.47582924067095,9.434478655083868,2,0.0,0.0,0.0,1.0,0.9918032786885246,2.8016528925619837,7.0,0.0,0.625,0.9875091957961255
268.0,208.54184714387748,208.54184714387748,103.49692568985218,72.77635241728879,9.097044052161099,3,0.0,0.0,0.0,1.0,0.9878048780487805,2.7983539094650207,7.0,0.0,0.5,0.9728791041506318
269.0,102.35562031918988,102.35562031918988,89.43205380897128,89.43205380897126,11.179006726121408,4,0.0,0.0,0.0,1.0,0.9838056680161943,2.7983539094650207,7.0,0.0,0.5,0.9842858712502465
270.0,47.28597641660981,47.28597641660981,129.64028894775169,113.47409308364021,14.184261635455027,4,0.0,0.0,0.0,1.0,0.9839357429718876,2.7918367346938777,7.0,0.0,0.75,0.9772329796875819
271.0,148.01750942686604,148.01750942686604,110.37538025627258,97.10605236699242,12.138256545874052,4,0.0,0.0,0.0,1.0,0.984,2.7886178861788617,7.0,0.0,0.625,0.9903812512416176
272.0,35.00471490734761,35.00471490734761,106.95076221635665,106.95076221635665,13.368845277044581,5,0.0,0.0,0.0,1.0,0.9800796812749004,2.7886178861788617,7.0,0.0,0.625,0.9903247421693648
273.0,45.034781372074505,45.034781372074505,127.97834435545889,118.27145530549427,14.783931913186784,5,0.0,0.0,0.0,1.0,0.9801587301587301,2.785425101214575,7.0,0.0,0.75,0.9898286205284307
274.0,93.03279108491648,93.03279108491648,137.71414014027687,122.56980176529183,15.321225220661479,4,0.0,0.0,0.0,1.0,0.984313725490196,2.8326693227091635,8.0,0.0,0.75,0.9648447527958635
275.0,29.17668951839362,29.17668951839362,104.67156923849727,77.61852531082718,9.702315663853398,2,0.0,0.0,0.0,1.0,0.9921875,2.822834645669291,7.0,0.0,0.5,0.9823729170711172
276.0,48.423319723291556,48.423319723291556,70.53715753690642,68.26079479213602,8.532599349017003,2,0.0,0.0,0.0,1.0,0.9922178988326849,2.835294117647059,7.0,0.0,0.375,0.9917755384103979
277.0,0.0,0.0,45.404751392310075,25.210646144731918,3.1513307680914897,1,0.0,0.0,0.0,1.0,0.9961089494163424,2.83984375,7.0,0.0,0.25,0.999767004552027
278.0,0.0,0.0,24.44751140943256,3.711715765979342,0.46396447074741776,0,0.0,0.0,0.0,1.0,1.0,2.840466926070039,7.0,0.0,0.125,1.0
279.0,40.238383564586485,40.238383564586485,24.44751140943256,24.44751140943256,3.05593892617907,1,0.0,0.0,0.0,1.0,0.9961240310077519,2.840466926070039,7.0,0.0,0.125,1.0
280.0,0.0,0.0,24.44751140943256,15.790872155153924,1.9738590193942405,0,0.0,0.0,0.0,1.0,1.0,2.8372093023255816,7.0,0.0,0.125,1.0
281.0,0.0,0.0,0.0,0.0,0.0,0,0.0,0.0,0.0,1.0,1.0,2.8372093023255816,7.0,0.0,0.0,0.0
282.0,129.1002254124676,129.1002254124676,24.44751140943256,24.44751140943256,3.05593892617907,1,0.0,0.0,0.0,1.0,0.9961389961389961,2.8372093023255816,7.0,0.0,0.125,1.0
283.0,24.465154913842145,24.465154913842145,79.38465085886429,48.912666323274706,6.114083290409338,1,0.0,0.0,0.0,1.0,0.9961685823754789,2.8230769230769233,7.0,0.0,0.375,0.9933386165596026
284.0,17.3008024205031,17.3008024205031,44.02296698099327,39.65660439915921,4.957075549894901,1,0.0,0.0,0.0,1.0,0.9961832061068703,2.8160919540229883,7.0,0.0,0.25,0.9997553665709726
285.0,85.72917847613283,85.72917847613283,132.47537924395309,95.32264309862003,11.915330387327504,2,0.0,0.0,0.0,1.0,0.9924812030075187,2.7954545454545454,7.0,0.0,0.625,0.9900035545056078
286.0,0.0,0.0,57.16360750054905,39.30155819637794,4.9126947745472425,1,0.0,0.0,0.0,1.0,0.9962406015037594,2.792452830188679,7.0,0.0,0.25,0.9795058396715247
287.0,0.0,0.0,24.44751140943256,8.95437779608125,1.1192972245101562,0,0.0,0.0,0.0,1.0,1.0,2.8045112781954886,7.0,0.0,0.125,1.0
288.0,105.8798610617084,105.8798610617084,80.85780311883424,58.62563980421528,7.32820497552691,2,0.0,0.0,0.0,1.0,0.9925650557620818,2.797752808988764,7.0,0.0,0.375,0.9830161624595986
289.0,35.72648801328215,35.72648801328215,106.83342425898488,67.38052376161947,8.422565470202434,2,0.0,0.0,0.0,1.0,0.992619926199262,2.7881040892193307,7.0,0.0,0.5,0.9907499722946298
290.0,0.0,0.0,53.16740158484641,15.6001855091558,1.950023188644475,0,0.0,0.0,0.0,1.0,1.0,2.7859778597785976,7.0,0.0,0.25,0.993584163544121
291.0,0.0,0.0,0.0,0.0,0.0,0,0.0,0.0,0.0,1.0,1.0,2.7859778597785976,7.0,0.0,0.0,0.0
292.0,0.0,0.0,0.0,0.0,0.0,0,0.0,0.0,0.0,1.0,1.0,2.7859778597785976,7.0,0.0,0.0,0.0
293.0,18.910788207412182,18.910788207412182,53.144830298931794,18.910788207412182,2.3638485259265227,0,0.0,0.0,0.0,1.0,1.0,2.772893772893773,7.0,0.0,0.25,0.9936459863048299
294.0,27.539927527381217,27.539927527381217,24.44751140943256,24.44751140943256,3.05593892617907,1,0.0,0.0,0.0,1.0,0.9963503649635036,2.772893772893773,7.0,0.0,0.125,1.0
295.0,0.0,0.0,24.44751140943256,3.0924161179486553,0.3865520147435819,0,0.0,0.0,0.0,1.0,1.0,2.77007299270073,7.0,0.0,0.125,1.0
296.0,0.0,0.0,0.0,0.0,0.0,0,0.0,0.0,0.0,1.0,1.0,2.77007299270073,7.0,0.0,0.0,0.0
297.0,88.58647607309001,88.58647607309001,30.51587752835805,30.51587752835805,3.8144846910447563,1,0.0,0.0,0.0,1.0,0.9963636363636363,2.77007299270073,7.0,0.0,0.125,1.0
298.0,24.66794805025784,24.66794805025784,55.02792329138184,55.02792329138184,6.87849041142273,2,0.0,0.0,0.0,1.0,0.9927536231884058,2.77007299270073,7.0,0.0,0.25,0.9877311365853725
299.0,0.0,0.0,55.07341288286963,27.710623303607967,3.463827912950996,0,0.0,0.0,0.0,1.0,1.0,2.7681159420289854,7.0,0.0,0.25,0.9875710337358532
300.0,0.0,0.0,0.0,0.0,0.0,0,0.0,0.0,0.0,1.0,1.0,2.7681159420289854,7.0,0.0,0.0,0.0
301.0,65.11153404177249,65.11153404177249,24.44751140943256,24.44751140943256,3.05593892617907,1,0.0,0.0,0.0,1.0,0.9963898916967509,2.7681159420289854,7.0,0.0,0.125,1.0
302.0,0.0,0.0,24.44751140943256,24.44751140943256,3.05593892617907,1,0.0,0.0,0.0,1.0,0.9963898916967509,2.7681159420289854,7.0,0.0,0.125,1.0
303.0,0.0,0.0,24.44751140943256,16.21651122290736,2.02706390286342,0,0.0,0.0,0.0,1.0,1.0,2.7689530685920576,7.0,0.0,0.125,1.0
304.0,81.98946461908317,81.98946461908317,24.44751140943256,24.44751140943256,3.05593892617907,1,0.0,0.0,0.0,1.0,0.9964028776978417,2.7689530685920576,7.0,0.0,0.125,1.0
305.0,0.0,0.0,24.44751140943256,24.44751140943256,3.05593892617907,1,0.0,0.0,0.0,1.0,0.9964028776978417,2.7689530685920576,7.0,0.0,0.125,1.0
306.0,83.8701530166016,83.8701530166016,50.98136414775351,50.98136414775351,6.372670518469189,2,0.0,0.0,0.0,1.0,0.992831541218638,2.7689530685920576,7.0,0.0,0.25,0.9983280584310835
307.0,28.3993722218385,28.3993722218385,94.46653658674127,58.243619197188785,7.280452399648598,1,0.0,0.0,0.0,1.0,0.99644128113879,2.7607142857142857,7.0,0.0,0.5,0.9857270329948061
308.0,71.41201822408216,71.41201822408216,75.95082161536418,63.67699843560939,7.959624804451174,2,0.0,0.0,0.0,1.0,0.9929328621908127,2.7544483985765122,7.0,0.0,0.375,0.9976468329759952
309.0,17.08372370678677,17.08372370678677,86.3808249637693,50.614420013436145,6.326802501679518,1,0.0,0.0,0.0,1.0,0.9964788732394366,2.7526501766784452,7.0,0.0,0.375,0.9783602067528442
310.0,11.899422484316576,11.899422484316576,48.89502281886512,22.242729659855833,2.780341207481979,0,0.0,0.0,0.0,1.0,1.0,2.7473684210526317,7.0,0.0,0.25,1.0
311.0,8.0,8.0,24.44751140943256,8.0,1.0,0,0.0,0.0,0.0,1.0,1.0,2.7412587412587412,7.0,0.0,0.125,1.0
312.0,0.0,0.0,0.0,0.0,0.0,0,0.0,0.0,0.0,1.0,1.0,2.7412587412587412,7.0,0.0,0.0,0.0
313.0,0.0,0.0,0.0,0.0,0.0,0,0.0,0.0,0.0,1.0,1.0,2.7412587412587412,7.0,0.0,0.0,0.0
314.0,0.0,0.0,0.0,0.0,0.0,0,0.0,0.0,0.0,1.0,1.0,2.7412587412587412,7.0,0.0,0.0,0.0
315.0,0.0,0.0,0.0,0.0,0.0,0,0.0,0.0,0.0,1.0,1.0,2.7412587412587412,7.0,0.0,0.0,0.0
316.0,0.0,0.0,0.0,0.0,0.0,0,0.0,0.0,0.0,1.0,1.0,2.7412587412587412,7.0,0.0,0.0,0.0
317.0,37.094561615308436,37.094561615308436,30.153324223047704,30.153324223047704,3.769165527880963,1,0.0,0.0,0.0,1.0,0.9965156794425087,2.7412587412587412,7.0,0.0,0.125,1.0
318.0,16.67321331805111,16.67321331805111,58.20769660013302,23.614450710311843,2.9518063387889804,0,0.0,0.0,0.0,1.0,1.0,2.732638888888889,7.0,0.0,0.25,0.9987425681985749
319.0,0.0,0.0,0.0,0.0,0.0,0,0.0,0.0,0.0,1.0,1.0,2.732638888888889,7.0,0.0,0.0,0.0
320.0,222.99443110155815,222.99443110155815,102.17603402675626,102.17603402675624,12.77200425334453,4,0.0,0.0,0.0,1.0,0.9863013698630136,2.732638888888889,7.0,0.0,0.5,0.9899259077647705
321.0,58.74405574043974,58.74405574043974,121.11069025445725,89.3197363057674,11.164967038220926,3,0.0,0.0,0.0,1.0,0.9897610921501706,2.7275862068965515,7.0,0.0,0.625,0.9860009892592504
322.0,30.75819737093651,30.75819737093651,91.11357420678394,85.65665956324104,10.70708244540513,3,0.0,0.0,0.0,1.0,0.9897959183673469,2.7285223367697595,7.0,0.0,0.5,0.9875666313999654
323.0,203.84054383831898,203.84054383831898,129.3338832201935,95.3680733195936,11.9210091649492,2,0.0,0.0,0.0,1.0,0.9932659932659933,2.7254237288135594,6.0,0.0,0.75,0.9570087914548437
324.0,31.22146878485192,31.22146878485192,77.27975145936983,77.27975145936983,9.65996893242123,3,0.0,0.0,0.0,1.0,0.9899328859060402,2.7254237288135594,6.0,0.0,0.375,0.9898517927765801
325.0,96.97532489491188,96.97532489491188,97.09432166089961,83.13198603842781,10.391498254803476,3,0.0,0.0,0.0,1.0,0.9899665551839465,2.722972972972973,6.0,0.0,0.5,0.9870899090481656
326.0,8.0,8.0,102.67056714076669,59.70633416034834,7.463291770043543,2,0.0,0.0,0.0,1.0,0.9933333333333333,2.721476510067114,6.0,0.0,0.5,0.9875832226155082
327.0,0.0,0.0,45.940990830351666,27.921616969612487,3.490202121201561,1,0.0,0.0,0.0,1.0,0.9966666666666667,2.729096989966555,6.0,0.0,0.25,0.9967909799208303
328.0,52.37667364068352,52.37667364068352,74.12714456579081,55.67392955677117,6.959241194596396,2,0.0,0.0,0.0,1.0,0.9933774834437086,2.723333333333333,6.0,0.0,0.375,0.9776980248347067
329.0,33.697443921189674,33.697443921189674,99.87372349810299,62.37401789300243,7.796752236625304,0,0.0,0.0,0.0,1.0,1.0,2.7171052631578947,6.0,0.0,0.5,0.9789032210157356
330.0,163.44957208056832,163.44957208056832,24.96674759995058,24.96674759995058,3.1208434499938225,1,0.0,0.0,0.0,1.0,0.9967320261437909,2.7114754098360656,6.0,0.0,0.125,1.0
331.0,0.0,0.0,24.710197318575666,24.710197318575666,3.0887746648219583,1,0.0,0.0,0.0,1.0,0.9967320261437909,2.7114754098360656,6.0,0.0,0.125,1.0
332.0,78.1633842551444,78.1633842551444,98.69851320334622,65.97857608132313,8.24732201016539,2,0.0,0.0,0.0,1.0,0.9935275080906149,2.7003257328990227,6.0,0.0,0.5,0.9997521673233604
333.0,52.22655708733316,52.22655708733316,73.34253422829768,73.34253422829768,9.16781677853721,3,0.0,0.0,0.0,1.0,0.9903225806451613,2.7003257328990227,6.0,0.0,0.375,0.9999999999999998
334.0,24.871139729835434,24.871139729835434,101.29200469336283,85.9594577262994,10.744932215787426,2,0.0,0.0,0.0,1.0,0.9935691318327974,2.6957928802588995,6.0,0.0,0.5,0.9964269547415932
335.0,133.983512098297,133.983512098297,80.38319576162351,59.267218620658994,7.408402327582374,2,0.0,0.0,0.0,1.0,0.9935897435897436,2.696774193548387,6.0,0.0,0.375,0.9848882983572859
336.0,0.0,0.0,56.09133392335412,47.61791703445583,5.952239629306979,1,0.0,0.0,0.0,1.0,0.9967948717948718,2.710610932475884,6.0,0.0,0.25,0.9838065995649822
337.0,0.0,0.0,31.795098168157086,31.795098168157086,3.9743872710196357,1,0.0,0.0,0.0,1.0,0.9967948717948718,2.710610932475884,6.0,0.0,0.125,1.0
338.0,0.0,0.0,31.941811447090192,31.941811447090192,3.992726430886274,1,0.0,0.0,0.0,1.0,0.9967948717948718,2.710610932475884,6.0,0.0,0.125,1.0
339.0,22.111301778315767,22.111301778315767,56.531288519772815,29.22590880468556,3.653238600585695,0,0.0,0.0,0.0,1.0,1.0,2.7124600638977636,6.0,0.0,0.25,0.9820802773899474
340.0,16.767249546329825,16.767249546329825,24.44751140943256,16.767249546329825,2.095906193291228,0,0.0,0.0,0.0,1.0,1.0,2.7070063694267517,6.0,0.0,0.125,1.0
341.0,13.436204335148451,13.436204335148451,29.65854743911353,13.436204335148451,1.6795255418935564,0,0.0,0.0,0.0,1.0,1.0,2.7015873015873018,6.0,0.0,0.125,1.0
342.0,0.0,0.0,0.0,0.0,0.0,0,0.0,0.0,0.0,1.0,1.0,2.7015873015873018,6.0,0.0,0.0,0.0
343.0,0.0,0.0,0.0,0.0,0.0,0,0.0,0.0,0.0,1.0,1.0,2.7015873015873018,6.0,0.0,0.0,0.0
344.0,0.0,0.0,0.0,0.0,0.0,0,0.0,0.0,0.0,1.0,1.0,2.7015873015873018,6.0,0.0,0.0,0.0
345.0,202.81582888287426,202.81582888287426,32.8258278857583,32.8258278857583,4.103228485719788,1,0.0,0.0,0.0,1.0,0.9968354430379747,2.7015873015873018,6.0,0.0,0.125,1.0
346.0,25.459252667535253,25.459252667535253,57.37709039565662,57.37709039565662,7.172136299457078,2,0.0,0.0,0.0,1.0,0.9936908517350158,2.7015873015873018,6.0,0.0,0.25,0.9786136011902808
347.0,0.0,0.0,57.47468982978317,34.0389196784533,4.254864959806662,1,0.0,0.0,0.0,1.0,0.9968454258675079,2.699367088607595,6.0,0.0,0.25,0.9782020249941756
348.0,39.31865823925516,39.31865823925516,62.49510365274793,62.49510365274793,7.811887956593491,2,0.0,0.0,0.0,1.0,0.9937106918238994,2.699367088607595,6.0,0.0,0.25,0.9998265817045177
349.0,0.0,0.0,62.45417060800924,40.22615901552368,5.02826987694046,1,0.0,0.0,0.0,1.0,0.9968553459119497,2.697160883280757,6.0,0.0,0.25,0.9997265649711435
350.0,37.359004565602646,37.359004565602646,60.71968148174256,47.60068401923242,5.950085502404052,2,0.0,0.0,0.0,1.0,0.99375,2.691823899371069,6.0,0.0,0.25,0.9976879842051376
351.0,80.61137741886182,80.61137741886182,82.24769986584025,79.2839825267602,9.910497815845025,3,0.0,0.0,0.0,1.0,0.9907120743034056,2.703125,7.0,0.0,0.375,0.9770912392845464
352.0,18.411902852323607,18.411902852323607,82.31202205637337,43.991038214325854,5.498879776790732,1,0.0,0.0,0.0,1.0,0.9969135802469136,2.693498452012384,7.0,0.0,0.375,0.9768022744325504
353.0,164.2821632936907,164.2821632936907,70.07516420063853,53.856581459976866,6.732072682497108,2,0.0,0.0,0.0,1.0,0.9938650306748467,2.6944444444444446,7.0,0.0,0.375,0.998278709560137
354.0,0.0,0.0,48.997101421567734,48.997101421567734,6.124637677695967,2,0.0,0.0,0.0,1.0,0.9938650306748467,2.6944444444444446,7.0,0.0,0.25,0.9999956596298232
355.0,0.0,0.0,48.89502281886512,46.98143057923044,5.872678822403805,1,0.0,0.0,0.0,1.0,0.9969325153374233,2.6953846153846155,7.0,0.0,0.25,1.0
356.0,8.0,8.0,48.89502281886512,28.584269070910114,3.5730336338637643,0,0.0,0.0,0.0,1.0,1.0,2.694189602446483,7.0,0.0,0.25,1.0
357.0,36.87388328324724,36.87388328324724,51.19864483594141,31.62293168770784,3.95286646096348,1,0.0,0.0,0.0,1.0,0.9969604863221885,2.6890243902439024,7.0,0.0,0.25,0.9931411971960792
358.0,0.0,0.0,26.094046132134533,5.250951595539394,0.6563689494424243,0,0.0,0.0,0.0,1.0,1.0,2.68693009118541,7.0,0.0,0.125,1.0
359.0,0.0,0.0,0.0,0.0,0.0,0,0.0,0.0,0.0,1.0,1.0,2.68693009118541,7.0,0.0,0.0,0.0
360.0,88.40685771715414,88.40685771715414,30.91116148511431,30.91116148511431,3.8638951856392887,1,0.0,0.0,0.0,1.0,0.996969696969697,2.68693009118541,7.0,0.0,0.125,1.0
361.0,0.0,0.0,30.709157801990937,30.709157801990937,3.838644725248867,1,0.0,0.0,0.0,1.0,0.996969696969697,2.68693009118541,7.0,0.0,0.125,1.0
362.0,8.0,8.0,55.36221402105856,34.78653843004889,4.348317303756112,0,0.0,0.0,0.0,1.0,1.0,2.6827794561933533,7.0,0.0,0.25,0.9994350885180174
363.0,71.24635211332667,71.24635211332667,50.77566191174293,35.726712498088965,4.465839062261121,1,0.0,0.0,0.0,1.0,0.996996996996997,2.677710843373494,6.0,0.0,0.25,0.991584210580343
364.0,54.005944511881246,54.005944511881246,81.85425052533523,60.32800959853958,7.5410011998174475,2,0.0,0.0,0.0,1.0,0.9940298507462687,2.6726726726726726,6.0,0.0,0.375,0.994023006514489
365.0,100.60600736784036,100.60600736784036,76.35170834457875,53.06300655579733,6.632875819474666,1,0.0,0.0,0.0,1.0,0.9970238095238095,2.671641791044776,6.0,0.0,0.375,0.9947693871936634
366.0,0.0,0.0,26.895822991822964,26.895822991822964,3.3619778739778705,1,0.0,0.0,0.0,1.0,0.9970238095238095,2.671641791044776,6.0,0.0,0.125,1.0
367.0,0.0,0.0,27.099511771141113,27.099511771141113,3.387438971392639,1,0.0,0.0,0.0,1.0,0.9970238095238095,2.671641791044776,6.0,0.0,0.125,1.0
368.0,0.0,0.0,27.303944064119104,22.74524057765832,2.84315507220729,0,0.0,0.0,0.0,1.0,1.0,2.675595238095238,6.0,0.0,0.125,1.0
369.0,0.0,0.0,0.0,0.0,0.0,0,0.0,0.0,0.0,1.0,1.0,2.675595238095238,6.0,0.0,0.0,0.0
370.0,0.0,0.0,0.0,0.0,0.0,0,0.0,0.0,0.0,1.0,1.0,2.675595238095238,6.0,0.0,0.0,0.0
371.0,160.67149875759537,160.67149875759537,25.21455697609064,25.21455697609064,3.15181962201133,1,0.0,0.0,0.0,1.0,0.9970326409495549,2.675595238095238,6.0,0.0,0.125,1.0
372.0,123.42077050417211,123.42077050417211,81.47102159131823,81.47102159131823,10.18387769891478,3,0.0,0.0,0.0,1.0,0.9911504424778761,2.675595238095238,6.0,0.0,0.375,0.9909050464327293
373.0,9.973805035919506,9.973805035919506,99.08869695471098,75.44807744135589,9.431009680169486,2,0.0,0.0,0.0,1.0,0.9941176470588236,2.668639053254438,6.0,0.0,0.5,0.9782593306501755
374.0,0.0,0.0,54.20910812781382,51.639540168633104,6.454942521079138,1,0.0,0.0,0.0,1.0,0.9970588235294118,2.669616519174041,6.0,0.0,0.25,0.9972665673754788
375.0,0.0,0.0,25.854198428951882,25.854198428951882,3.2317748036189853,1,0.0,0.0,0.0,1.0,0.9970588235294118,2.669616519174041,6.0,0.0,0.125,1.0
376.0,0.0,0.0,26.02859083011029,26.02859083011029,3.253573853763786,1,0.0,0.0,0.0,1.0,0.9970588235294118,2.669616519174041,6.0,0.0,0.125,1.0
377.0,0.0,0.0,26.208619763307826,8.410088861226953,1.051261107653369,0,0.0,0.0,0.0,1.0,1.0,2.6823529411764704,7.0,0.0,0.125,1.0
378.0,0.0,0.0,0.0,0.0,0.0,0,0.0,0.0,0.0,1.0,1.0,2.6823529411764704,7.0,0.0,0.0,0.0
379.0,0.0,0.0,0.0,0.0,0.0,0,0.0,0.0,0.0,1.0,1.0,2.6823529411764704,7.0,0.0,0.0,0.0
380.0,60.4836135037215,60.4836135037215,56.668324280850214,40.22081287141766,5.027601608927207,1,0.0,0.0,0.0,1.0,0.9970760233918129,2.6774193548387095,7.0,0.0,0.25,0.9815313790118553
381.0,0.0,0.0,32.08377711034026,20.262800632303843,2.5328500790379804,0,0.0,0.0,0.0,1.0,1.0,2.675438596491228,7.0,0.0,0.125,1.0
382.0,138.60505450512477,138.60505450512477,57.32019231655299,57.32019231655299,7.165024039569124,2,0.0,0.0,0.0,1.0,0.9941860465116279,2.675438596491228,7.0,0.0,0.25,0.9788524887231762
383.0,17.10417723211044,17.10417723211044,83.61455941341652,69.01810852790548,8.627263565988185,1,0.0,0.0,0.0,1.0,0.9971014492753624,2.6686046511627906,7.0,0.0,0.375,0.988913281897882
384.0,49.16073398245074,49.16073398245074,57.796944109829795,53.81844230220932,6.727305287776165,1,0.0,0.0,0.0,1.0,0.9971098265895953,2.6695652173913045,7.0,0.0,0.25,0.9768273575308848
385.0,0.0,0.0,24.44751140943256,24.44751140943256,3.05593892617907,1,0.0,0.0,0.0,1.0,0.9971098265895953,2.6695652173913045,7.0,0.0,0.125,1.0
386.0,113.96391895511572,113.96391895511572,82.73342979785448,45.76270643657536,5.72033830457192,1,0.0,0.0,0.0,1.0,0.9971264367816092,2.6657060518731988,7.0,0.0,0.375,0.974879239549406
387.0,0.0,0.0,34.086599240070896,34.086599240070896,4.260824905008862,1,0.0,0.0,0.0,1.0,0.9971264367816092,2.6657060518731988,7.0,0.0,0.125,1.0
388.0,38.483839263984095,38.483839263984095,58.78402458601143,56.443184206095864,7.055398025761983,2,0.0,0.0,0.0,1.0,0.9942857142857143,2.660919540229885,7.0,0.0,0.25,0.9724788583871745
389.0,27.569182672795193,27.569182672795193,60.861657487918414,43.99016217273851,5.4987702715923135,0,0.0,0.0,0.0,1.0,1.0,2.658119658119658,6.0,0.0,0.25,0.9922381071058987
390.0,109.33090502385721,109.33090502385721,71.4128093732059,54.96529796377334,6.870662245471667,2,0.0,0.0,0.0,1.0,0.9943502824858758,2.653409090909091,6.0,0.0,0.375,0.9991886792425108
391.0,0.0,0.0,46.52707628780068,34.597133903212466,4.324641737901558,1,0.0,0.0,0.0,1.0,0.9971751412429378,2.651558073654391,6.0,0.0,0.25,0.9993716639465247
392.0,73.0930984267592,73.0930984267592,61.73376870170011,55.085216794318754,6.885652099289844,1,0.0,0.0,0.0,1.0,0.9971830985915493,2.652542372881356,6.0,0.0,0.25,0.9796401973752946
393.0,0.0,0.0,35.5178435518672,35.5178435518672,4.4397304439834,1,0.0,0.0,0.0,1.0,0.9971830985915493,2.652542372881356,6.0,0.0,0.125,1.0
394.0,0.0,0.0,35.62524970204838,2.258511237444644,0.2823139046805805,0,0.0,0.0,0.0,1.0,1.0,2.6535211267605634,6.0,0.0,0.125,1.0
395.0,64.15265437549071,64.15265437549071,25.64482183390795,25.64482183390795,3.205602729238494,1,0.0,0.0,0.0,1.0,0.9971910112359551,2.6535211267605634,6.0,0.0,0.125,1.0
396.0,43.916207932168405,43.916207932168405,75.13731591733873,58.50247508481425,7.312809385601781,2,0.0,0.0,0.0,1.0,0.9944289693593314,2.6442577030812324,6.0,0.0,0.375,0.991696475944526
397.0,121.2711703676905,121.2711703676905,25.13164829360263,25.13164829360263,3.141456036700329,1,0.0,0.0,0.0,1.0,0.9972222222222222,2.6434540389972145,6.0,0.0,0.125,1.0
398.0,0.0,0.0,24.87615377603239,24.87615377603239,3.1095192220040486,1,0.0,0.0,0.0,1.0,0.9972222222222222,2.6434540389972145,6.0,0.0,0.125,1.0
399.0,0.0,0.0,24.621652239775546,24.621652239775546,3.0777065299719433,1,0.0,0.0,0.0,1.0,0.9972222222222222,2.6434540389972145,6.0,0.0,0.125,1.0
400.0,24.902030950273534,24.902030950273534,55.858900094238656,49.34954235970609,6.1686927949632615,1,0.0,0.0,0.0,1.0,0.997229916897507,2.638888888888889,6.0,0.0,0.25,0.9846954907809609
401.0,0.0,0.0,24.44751140943256,24.44751140943256,3.05593892617907,1,0.0,0.0,0.0,1.0,0.997229916897507,2.638888888888889,6.0,0.0,0.125,1.0
402.0,0.0,0.0,24.44751140943256,21.668258628351726,2.7085323285439658,0,0.0,0.0,0.0,1.0,1.0,2.6481994459833795,6.0,0.0,0.125,1.0
403.0,71.93047358515251,71.93047358515251,24.44751140943256,24.44751140943256,3.05593892617907,1,0.0,0.0,0.0,1.0,0.9972375690607734,2.6481994459833795,6.0,0.0,0.125,1.0
404.0,0.0,0.0,24.44751140943256,24.44751140943256,3.05593892617907,1,0.0,0.0,0.0,1.0,0.9972375690607734,2.6481994459833795,6.0,0.0,0.125,1.0
405.0,108.23610475558544,108.23610475558544,48.89502281886512,47.48296217571995,5.9353702719649934,1,0.0,0.0,0.0,1.0,0.9972451790633609,2.649171270718232,6.0,0.0,0.25,1.0
406.0,0.0,0.0,24.44751140943256,24.44751140943256,3.05593892617907,1,0.0,0.0,0.0,1.0,0.9972451790633609,2.649171270718232,6.0,0.0,0.125,1.0
407.0,11.935676485305946,11.935676485305946,48.89502281886512,36.383187894738505,4.547898486842313,1,0.0,0.0,0.0,1.0,0.9972527472527473,2.644628099173554,6.0,0.0,0.25,1.0
408.0,80.3813835659038,80.3813835659038,84.67203454244249,84.67203454244249,10.584004317805311,3,0.0,0.0,0.0,1.0,0.9918032786885246,2.644628099173554,6.0,0.0,0.375,0.9800547289044461
409.0,94.07826935904829,94.07826935904829,125.84160836516727,60.27008455308622,7.533760569135778,1,0.0,0.0,0.0,1.0,0.9972826086956522,2.6430517711171664,6.0,0.0,0.625,0.968517052105979
410.0,0.0,0.0,24.44751140943256,24.44751140943256,3.05593892617907,1,0.0,0.0,0.0,1.0,0.9972826086956522,2.6430517711171664,6.0,0.0,0.125,1.0
411.0,29.753264555459275,29.753264555459275,48.89502281886512,48.89502281886512,6.11187785235814,2,0.0,0.0,0.0,1.0,0.994579945799458,2.6430517711171664,6.0,0.0,0.25,1.0
412.0,0.0,0.0,48.89502281886512,20.821834683872723,2.6027293354840904,0,0.0,0.0,0.0,1.0,1.0,2.644986449864499,6.0,0.0,0.25,1.0
413.0,0.0,0.0,0.0,0.0,0.0,0,0.0,0.0,0.0,1.0,1.0,2.644986449864499,6.0,0.0,0.0,0.0
414.0,185.15556907626666,185.15556907626666,30.36809368192032,30.36809368192032,3.79601171024004,1,0.0,0.0,0.0,1.0,0.9972972972972973,2.644986449864499,6.0,0.0,0.125,1.0
415.0,74.37788911692407,74.37788911692407,56.01026240040683,56.01026240040683,7.001282800050854,2,0.0,0.0,0.0,1.0,0.9946091644204852,2.644986449864499,6.0,0.0,0.25,0.9923353747353423
416.0,88.58340764079355,88.58340764079355,87.43086838527334,87.43086838527334,10.928858548159168,4,0.0,0.0,0.0,1.0,0.9892761394101877,2.644986449864499,6.0,0.0,0.375,0.9846238753670379
417.0,8.0,8.0,111.80657761778407,91.5231278937362,11.440390986717025,3,0.0,0.0,0.0,1.0,0.9919786096256684,2.641509433962264,6.0,0.0,0.5,0.9887403185267434
418.0,112.54344047797306,112.54344047797306,87.35872762736966,75.34884802592052,9.418606003240065,3,0.0,0.0,0.0,1.0,0.9920212765957447,2.64343163538874,6.0,0.0,0.375,0.9862166746278354
419.0,0.0,0.0,56.48277966641919,56.48277966641919,7.060347458302399,3,0.0,0.0,0.0,1.0,0.9920212765957447,2.64343163538874,6.0,0.0,0.25,0.9927408553150103
420.0,165.49609951808426,165.49609951808426,56.54866400805129,54.66241415785626,6.832801769732033,2,0.0,0.0,0.0,1.0,0.9946949602122016,2.656,6.0,0.0,0.25,0.9929813511699682
421.0,0.0,0.0,25.968248554007616,25.968248554007616,3.246031069250952,1,0.0,0.0,0.0,1.0,0.9973474801061007,2.6595744680851063,6.0,0.0,0.125,1.0
422.0,282.84444605879725,282.84444605879725,87.81857717115604,87.81857717115604,10.977322146394505,4,0.0,0.0,0.0,1.0,0.9894736842105263,2.6595744680851063,6.0,0.0,0.375,0.9848878414815132
423.0,16.139857412484474,16.139857412484474,114.0621161645299,93.19398038519788,11.649247548149734,3,0.0,0.0,0.0,1.0,0.9921259842519685,2.6534391534391535,6.0,0.0,0.5,0.992642213406797
424.0,0.0,0.0,54.13311696754062,54.13311696754062,6.766639620942578,3,0.0,0.0,0.0,1.0,0.9921259842519685,2.6534391534391535,6.0,0.0,0.25,0.9989370646006135
425.0,0.0,0.0,54.45730424397641,54.45730424397641,6.807163030497051,3,0.0,0.0,0.0,1.0,0.9921259842519685,2.6534391534391535,6.0,0.0,0.25,0.9987271633364385
426.0,0.0,0.0,54.780422023504,54.780422023504,6.847552752938,3,0.0,0.0,0.0,1.0,0.9921259842519685,2.6534391534391535,6.0,0.0,0.25,0.9985049244050691
427.0,178.0441866721634,178.0441866721634,97.37389568256181,97.37389568256181,12.171736960320226,5,0.0,0.0,0.0,1.0,0.9869451697127938,2.6534391534391535,6.0,0.0,0.5,0.9967733188842663
428.0,0.0,0.0,97.87860926631889,97.87860926631889,12.234826158289861,4,0.0,0.0,0.0,1.0,0.9895561357702349,2.6701846965699207,7.0,0.0,0.5,0.9968029675766448
429.0,12.146069630219086,12.146069630219086,117.95804367695774,65.98198166069264,8.24774770758658,2,0.0,0.0,0.0,1.0,0.9947916666666666,2.693717277486911,7.0,0.0,0.625,0.9941834490875943
430.0,77.69567160855007,77.69567160855007,70.8820725678924,55.847141197738324,6.9808926497172905,2,0.0,0.0,0.0,1.0,0.9948051948051948,2.6971279373368144,7.0,0.0,0.375,0.9965400473939233
431.0,86.14268574194739,86.14268574194739,87.36996369740469,70.2477189784357,8.780964872304462,3,0.0,0.0,0.0,1.0,0.9922480620155039,2.703125,7.0,0.0,0.5,0.9941655634891274
432.0,0.0,0.0,68.68376863929952,47.96704877523537,5.995881096904421,2,0.0,0.0,0.0,1.0,0.9948320413436692,2.7012987012987013,7.0,0.0,0.375,0.9982974102876667
433.0,201.76678417453684,201.76678417453684,97.7819000613433,80.3510150090457,10.043876876130712,2,0.0,0.0,0.0,1.0,0.9948586118251928,2.705426356589147,7.0,0.0,0.5,0.9950652638214255
434.0,0.0,0.0,50.476102239542854,31.37432836502852,3.921791045628565,1,0.0,0.0,0.0,1.0,0.9974293059125964,2.7036082474226806,7.0,0.0,0.25,0.9990198109429058
435.0,8.0,8.0,50.30170983838445,33.85419842895189,4.231774803618986,1,0.0,0.0,0.0,1.0,0.9974358974358974,2.6992287917737787,7.0,0.0,0.25,0.9992185702142927
436.0,0.0,0.0,25.685526526714447,25.685526526714447,3.210690815839306,1,0.0,0.0,0.0,1.0,0.9974358974358974,2.6992287917737787,7.0,0.0,0.125,1.0
437.0,160.61949356112495,160.61949356112495,56.49311196814001,56.49311196814001,7.061638996017502,2,0.0,0.0,0.0,1.0,0.9948849104859335,2.6992287917737787,7.0,0.0,0.25,0.990786326944259
438.0,0.0,0.0,56.532078611579095,56.532078611579095,7.066509826447387,2,0.0,0.0,0.0,1.0,0.9948849104859335,2.6992287917737787,7.0,0.0,0.25,0.9895807486087089
439.0,0.0,0.0,56.568324834017844,48.662074895959776,6.082759361994972,1,0.0,0.0,0.0,1.0,0.9974424552429667,2.7102564102564104,7.0,0.0,0.25,0.9883589231941754
440.0,50.097714150968265,50.097714150968265,60.45601715776218,60.45601715776218,7.557002144720273,2,0.0,0.0,0.0,1.0,0.9948979591836735,2.7102564102564104,7.0,0.0,0.25,0.9972293209539834
441.0,101.2055012682003,101.2055012682003,85.13961267542929,71.52363361929449,8.94045420241181,2,0.0,0.0,0.0,1.0,0.9949109414758269,2.70843989769821,7.0,0.0,0.375,0.9885537287998746
442.0,0.0,0.0,56.30052098727617,34.14191395932434,4.267739244915543,1,0.0,0.0,0.0,1.0,0.9974554707379135,2.7168367346938775,7.0,0.0,0.25,0.9829927519497615
443.0,12.26699550899195,12.26699550899195,57.92169462528449,36.71450691842451,4.589313364803064,1,0.0,0.0,0.0,1.0,0.9974619289340102,2.712468193384224,7.0,0.0,0.25,0.9762889300943997
444.0,27.728542856223765,27.728542856223765,44.02296698099327,44.02296698099327,5.502870872624158,2,0.0,0.0,0.0,1.0,0.9949367088607595,2.712468193384224,7.0,0.0,0.25,0.9997553665709726
445.0,0.0,0.0,44.02296698099327,11.5685429151331,1.4460678643916376,0,0.0,0.0,0.0,1.0,1.0,2.7164556962025315,7.0,0.0,0.25,0.9997553665709726
446.0,0.0,0.0,0.0,0.0,0.0,0,0.0,0.0,0.0,1.0,1.0,2.7164556962025315,7.0,0.0,0.0,0.0
447.0,0.0,0.0,0.0,0.0,0.0,0,0.0,0.0,0.0,1.0,1.0,2.7164556962025315,7.0,0.0,0.0,0.0
448.0,0.0,0.0,0.0,0.0,0.0,0,0.0,0.0,0.0,1.0,1.0,2.7164556962025315,7.0,0.0,0.0,0.0
449.0,0.0,0.0,0.0,0.0,0.0,0,0.0,0.0,0.0,1.0,1.0,2.7164556962025315,7.0,0.0,0.0,0.0
450.0,0.0,0.0,0.0,0.0,0.0,0,0.0,0.0,0.0,1.0,1.0,2.7164556962025315,7.0,0.0,0.0,0.0
451.0,81.0341530809852,81.0341530809852,28.869338408265946,28.869338408265946,3.6086673010332433,1,0.0,0.0,0.0,1.0,0.9974747474747475,2.7164556962025315,7.0,0.0,0.125,1.0
452.0,8.0,8.0,53.46279208249875,37.01528067306619,4.626910084133273,1,0.0,0.0,0.0,1.0,0.9974811083123426,2.712121212121212,7.0,0.0,0.25,0.9927531989440421
453.0,51.78602763663489,51.78602763663489,78.74869345764552,65.22021337908512,8.15252667238564,1,0.0,0.0,0.0,1.0,0.9975,2.7042606516290726,7.0,0.0,0.375,0.9937543213985631
454.0,13.621606419994471,13.621606419994471,56.77132370832609,23.336954677197323,2.9171193346496653,0,0.0,0.0,0.0,1.0,1.0,2.6982543640897756,7.0,0.0,0.25,0.981115448701325
455.0,0.0,0.0,0.0,0.0,0.0,0,0.0,0.0,0.0,1.0,1.0,2.6982543640897756,7.0,0.0,0.0,0.0
456.0,76.34390813050325,76.34390813050325,24.54959001213517,24.54959001213517,3.068698751516896,1,0.0,0.0,0.0,1.0,0.9975124378109452,2.6982543640897756,7.0,0.0,0.125,1.0
457.0,8.0,8.0,49.81388687037598,31.269415770274595,3.9086769712843243,1,0.0,0.0,0.0,1.0,0.9975186104218362,2.6940298507462686,7.0,0.0,0.25,0.9956960895723939
458.0,0.0,0.0,24.797346011635796,24.797346011635796,3.0996682514544744,1,0.0,0.0,0.0,1.0,0.9975186104218362,2.6940298507462686,7.0,0.0,0.125,1.0
459.0,103.10187021552935,103.10187021552935,73.49083065081291,52.28801853512135,6.536002316890169,2,0.0,0.0,0.0,1.0,0.9950617283950617,2.69727047146402,7.0,0.0,0.375,0.9957474082952315
460.0,62.99846250055003,62.99846250055003,81.21183149650906,75.30007186388565,9.412508982985706,2,0.0,0.0,0.0,1.0,0.9950738916256158,2.6955445544554455,7.0,0.0,0.375,0.9753882881815685
461.0,32.614747444153764,32.614747444153764,86.9016820174418,73.98332162190519,9.247915202738149,1,0.0,0.0,0.0,1.0,0.9975429975429976,2.6945812807881775,7.0,0.0,0.375,0.9877671343392828
462.0,0.0,0.0,33.118456039891825,0.8712244757786429,0.10890305947233037,0,0.0,0.0,0.0,1.0,1.0,2.692874692874693,7.0,0.0,0.125,1.0
463.0,0.0,0.0,0.0,0.0,0.0,0,0.0,0.0,0.0,1.0,1.0,2.692874692874693,7.0,0.0,0.0,0.0
464.0,0.0,0.0,0.0,0.0,0.0,0,0.0,0.0,0.0,1.0,1.0,2.692874692874693,7.0,0.0,0.0,0.0
465.0,0.0,0.0,0.0,0.0,0.0,0,0.0,0.0,0.0,1.0,1.0,2.692874692874693,7.0,0.0,0.0,0.0
466.0,38.89257483329214,38.89257483329214,26.204065347429722,26.204065347429722,3.2755081684287153,1,0.0,0.0,0.0,1.0,0.9975490196078431,2.692874692874693,7.0,0.0,0.125,1.0
467.0,30.947389630163983,30.947389630163983,88.7119764212015,43.635899116026394,5.454487389503299,0,0.0,0.0,0.0,1.0,1.0,2.682926829268293,7.0,0.0,0.375,0.9943883840334061
468.0,0.0,0.0,0.0,0.0,0.0,0,0.0,0.0,0.0,1.0,1.0,2.682926829268293,7.0,0.0,0.0,0.0
469.0,0.0,0.0,0.0,0.0,0.0,0,0.0,0.0,0.0,1.0,1.0,2.682926829268293,7.0,0.0,0.0,0.0
470.0,0.0,0.0,0.0,0.0,0.0,0,0.0,0.0,0.0,1.0,1.0,2.682926829268293,7.0,0.0,0.0,0.0
471.0,26.273643405508352,26.273643405508352,24.44751140943256,24.44751140943256,3.05593892617907,1,0.0,0.0,0.0,1.0,0.9975669099756691,2.682926829268293,7.0,0.0,0.125,1.0
472.0,215.7213430890904,215.7213430890904,80.83683426595532,75.14653135163232,9.39331641895404,2,0.0,0.0,0.0,1.0,0.9951690821256038,2.6771844660194173,7.0,0.0,0.375,0.9831005912346893
473.0,159.56668986827842,159.56668986827842,81.69612953422266,81.69612953422266,10.212016191777833,4,0.0,0.0,0.0,1.0,0.9903846153846154,2.6771844660194173,7.0,0.0,0.375,0.9795173553200406
474.0,136.22213959141212,136.22213959141212,130.79709343072312,121.97828572180143,15.247285715225178,5,0.0,0.0,0.0,1.0,0.9880668257756563,2.6739130434782608,7.0,0.0,0.625,0.981341386260252
475.0,0.0,0.0,106.2083798357952,106.20837983579518,13.276047479474398,5,0.0,0.0,0.0,1.0,0.9880668257756563,2.6739130434782608,7.0,0.0,0.5,0.9794615672190436
476.0,45.98349850258531,45.98349850258531,130.50055662966304,110.43486294395967,13.804357867994959,4,0.0,0.0,0.0,1.0,0.9904761904761905,2.675480769230769,7.0,0.0,0.625,0.9825854514428205
477.0,12.510941368943005,12.510941368943005,107.39452683511307,76.3665550289737,9.545819378621713,0,0.0,0.0,0.0,1.0,1.0,2.688836104513064,7.0,0.0,0.5,0.9836953335057985
478.0,0.0,0.0,0.0,0.0,0.0,0,0.0,0.0,0.0,1.0,1.0,2.688836104513064,7.0,0.0,0.0,0.0
479.0,0.0,0.0,0.0,0.0,0.0,0,0.0,0.0,0.0,1.0,1.0,2.688836104513064,7.0,0.0,0.0,0.0
480.0,55.88083240673292,55.88083240673292,24.966747602814927,24.966747602814927,3.120843450351866,1,0.0,0.0,0.0,1.0,0.9976303317535545,2.688836104513064,7.0,0.0,0.125,1.0
481.0,0.0,0.0,24.77751180043678,24.77751180043678,3.0971889750545976,1,0.0,0.0,0.0,1.0,0.9976303317535545,2.688836104513064,7.0,0.0,0.125,1.0
482.0,140.98116945181687,140.98116945181687,98.11779782955414,71.96846723081475,8.996058403851844,2,0.0,0.0,0.0,1.0,0.9952941176470588,2.685579196217494,7.0,0.0,0.5,0.9845837782870301
483.0,0.0,0.0,44.02296698099327,44.02296698099327,5.502870872624158,2,0.0,0.0,0.0,1.0,0.9952941176470588,2.685579196217494,7.0,0.0,0.25,0.9997553665709726
484.0,118.12384880190882,118.12384880190882,85.38430652794594,67.81432389861753,8.476790487327191,3,0.0,0.0,0.0,1.0,0.9929742388758782,2.686320754716981,7.0,0.0,0.5,0.9910409287579217
485.0,139.59613585097128,139.59613585097128,95.36459402926131,83.1240897835664,10.3905112229458,4,0.0,0.0,0.0,1.0,0.9906759906759907,2.6894117647058824,7.0,0.0,0.5,0.9881023832708173
486.0,49.2199660436022,49.2199660436022,98.12706488787124,90.51984802552556,11.314981003190695,3,0.0,0.0,0.0,1.0,0.9930394431554525,2.6869158878504673,7.0,0.0,0.5,0.9918832868091662
487.0,8.0,8.0,85.824439393477,50.760764434975485,6.345095554371936,1,0.0,0.0,0.0,1.0,0.9976851851851852,2.6821345707656614,7.0,0.0,0.375,0.9963667204171238
488.0,33.1754611065581,33.1754611065581,59.27522942715882,59.27522942715882,7.4094036783948525,2,0.0,0.0,0.0,1.0,0.9953810623556582,2.6821345707656614,7.0,0.0,0.25,0.9997392187738507
489.0,0.0,0.0,58.9288840419305,27.74746447668666,3.4684330595858324,0,0.0,0.0,0.0,1.0,1.0,2.6859122401847575,7.0,0.0,0.25,0.9997114039022686
490.0,0.0,0.0,0.0,0.0,0.0,0,0.0,0.0,0.0,1.0,1.0,2.6859122401847575,7.0,0.0,0.0,0.0
491.0,23.118412591868598,23.118412591868598,31.52112965063273,23.118412591868598,2.8898015739835747,0,0.0,0.0,0.0,1.0,1.0,2.6820276497695854,7.0,0.0,0.125,1.0
492.0,0.0,0.0,0.0,0.0,0.0,0,0.0,0.0,0.0,1.0,1.0,2.6820276497695854,7.0,0.0,0.0,0.0
493.0,19.735094811641044,19.735094811641044,24.97438874262246,19.735094811641044,2.4668868514551305,0,0.0,0.0,0.0,1.0,1.0,2.67816091954023,7.0,0.0,0.125,1.0
494.0,99.89235527655943,99.89235527655943,24.44751140943256,24.44751140943256,3.05593892617907,1,0.0,0.0,0.0,1.0,0.9977064220183486,2.67816091954023,7.0,0.0,0.125,1.0
495.0,24.178928045682877,24.178928045682877,48.89502281886512,48.62643945511544,6.07830493188943,1,0.0,0.0,0.0,1.0,0.9977116704805492,2.6743119266055047,7.0,0.0,0.25,1.0
496.0,0.0,0.0,24.44751140943256,24.44751140943256,3.05593892617907,1,0.0,0.0,0.0,1.0,0.9977116704805492,2.6743119266055047,7.0,0.0,0.125,1.0
497.0,0.0,0.0,24.44751140943256,24.44751140943256,3.05593892617907,1,0.0,0.0,0.0,1.0,0.9977116704805492,2.6743119266055047,7.0,0.0,0.125,1.0
498.0,105.8788834674883,105.8788834674883,56.597525607918044,34.25232383731466,4.281540479664333,1,0.0,0.0,0.0,1.0,0.997716894977169,2.679633867276888,7.0,0.0,0.25,0.9818156085693259
499.0,8.0,8.0,56.32419026080014,39.87667885136757,4.9845848564209465,1,0.0,0.0,0.0,1.0,0.9977220956719818,2.675799086757991,7.0,0.0,0.25,0.9828998605002044
500.0,45.12091677411841,45.12091677411841,88.22646990702677,71.15395013459359,8.894243766824198,2,0.0,0.0,0.0,1.0,0.9954648526077098,2.6719817767653757,7.0,0.0,0.375,0.9884007975869549
501.0,8.0,8.0,63.037133648474736,23.819157057160066,2.977394632145008,0,0.0,0.0,0.0,1.0,1.0,2.669683257918552,7.0,0.0,0.25,0.9973146382030577
502.0,110.58021672556613,110.58021672556613,30.11628673633373,30.11628673633373,3.7645358420417163,1,0.0,0.0,0.0,1.0,0.9977426636568849,2.669683257918552,7.0,0.0,0.125,1.0
503.0,0.0,0.0,30.25103425024935,30.25103425024935,3.781379281281169,1,0.0,0.0,0.0,1.0,0.9977426636568849,2.669683257918552,7.0,0.0,0.125,1.0
504.0,35.284211512044166,35.284211512044166,60.27521567923405,60.27521567923405,7.534401959904256,2,0.0,0.0,0.0,1.0,0.9954954954954955,2.669683257918552,7.0,0.0,0.25,0.9999415148575139
505.0,403.18494307890904,403.18494307890904,134.33224791775572,106.42193321841319,13.302741652301648,4,0.0,0.0,0.0,1.0,0.9910714285714286,2.671171171171171,7.0,0.0,0.625,0.9866467393366121
506.0,0.0,0.0,86.9058478571785,74.11256379199568,9.26407047399946,3,0.0,0.0,0.0,1.0,0.9933035714285714,2.6696629213483147,7.0,0.0,0.375,0.9742773847279333
507.0,0.0,0.0,61.004314204547086,35.96927657352667,4.496159571690834,2,0.0,0.0,0.0,1.0,0.9955357142857143,2.6704035874439462,7.0,0.0,0.25,0.9736723268232028
508.0,0.0,0.0,25.309904250912293,25.309904250912293,3.1637380313640366,2,0.0,0.0,0.0,1.0,0.9955357142857143,2.6704035874439462,7.0,0.0,0.125,1.0
509.0,73.21641539152859,73.21641539152859,54.8764265079228,54.8764265079228,6.85955331349035,2,0.0,0.0,0.0,1.0,0.9955456570155902,2.675615212527964,7.0,0.0,0.25,0.9930124407973847
510.0,0.0,0.0,54.47633012247365,54.47633012247365,6.809541265309206,2,0.0,0.0,0.0,1.0,0.9955456570155902,2.675615212527964,7.0,0.0,0.25,0.9930931820460286
511.0,0.0,0.0,54.07590475053183,38.767122719595605,4.845890339949451,1,0.0,0.0,0.0,1.0,0.9977728285077951,2.6763392857142856,7.0,0.0,0.25,0.9931973882802992
512.0,0.0,0.0,24.637772449440476,24.637772449440476,3.0797215561800595,1,0.0,0.0,0.0,1.0,0.9977728285077951,2.6763392857142856,7.0,0.0,0.125,1.0
513.0,0.0,0.0,24.479239500802787,24.479239500802787,3.0599049376003484,1,0.0,0.0,0.0,1.0,0.9977728285077951,2.6763392857142856,7.0,0.0,0.125,1.0
514.0,0.0,0.0,24.44751140943256,24.44751140943256,3.05593892617907,1,0.0,0.0,0.0,1.0,0.9977728285077951,2.6763392857142856,7.0,0.0,0.125,1.0
515.0,22.38789876997571,22.38789876997571,55.93568435219095,46.83541017940827,5.854426272426034,1,0.0,0.0,0.0,1.0,0.9977777777777778,2.6726057906458798,7.0,0.0,0.25,0.9844036759936029
516.0,103.80177158625008,103.80177158625008,77.04857390623162,67.67728258086014,8.459660322607517,2,0.0,0.0,0.0,1.0,0.995575221238938,2.6933333333333334,7.0,0.0,0.375,0.9736564005545639
517.0,0.0,0.0,56.24260957758965,48.40373292984596,6.050466616230745,1,0.0,0.0,0.0,1.0,0.9977876106194691,2.6917960088691797,7.0,0.0,0.25,0.9832193440304211
518.0,0.0,0.0,31.9418114470902,1.3984141638264624,0.1748017704783078,0,0.0,0.0,0.0,1.0,1.0,2.6924778761061945,7.0,0.0,0.125,1.0
519.0,10.6804738619961,10.6804738619961,26.700374127563027,10.6804738619961,1.3350592327495125,0,0.0,0.0,0.0,1.0,1.0,2.6887417218543046,7.0,0.0,0.125,1.0
520.0,61.03534466587524,61.03534466587524,24.44751140943256,24.44751140943256,3.05593892617907,1,0.0,0.0,0.0,1.0,0.9977973568281938,2.6887417218543046,7.0,0.0,0.125,1.0
521.0,316.87786429382754,316.87786429382754,48.89502281886512,48.89502281886512,6.11187785235814,2,0.0,0.0,0.0,1.0,0.9956043956043956,2.6887417218543046,7.0,0.0,0.25,1.0
522.0,36.2431758741692,36.2431758741692,78.7850964281528,66.47790686573035,8.309738358216293,2,0.0,0.0,0.0,1.0,0.9956140350877193,2.6894273127753303,7.0,0.0,0.375,0.9905458338238525
523.0,8.0,8.0,75.52196513860075,37.402051678535486,4.675256459816936,1,0.0,0.0,0.0,1.0,0.9978118161925602,2.6842105263157894,7.0,0.0,0.375,0.9809639466136287
524.0,0.0,0.0,24.44751140943256,24.44751140943256,3.05593892617907,1,0.0,0.0,0.0,1.0,0.9978118161925602,2.6842105263157894,7.0,0.0,0.125,1.0
525.0,0.0,0.0,24.44751140943256,24.44751140943256,3.05593892617907,1,0.0,0.0,0.0,1.0,0.9978118161925602,2.6842105263157894,7.0,0.0,0.125,1.0
526.0,110.52547838627571,110.52547838627571,69.85226280174263,60.54798059122389,7.568497573902986,2,0.0,0.0,0.0,1.0,0.9956427015250545,2.6805251641137855,7.0,0.0,0.375,0.9986059214406051
527.0,0.0,0.0,48.89502281886512,48.89502281886512,6.11187785235814,2,0.0,0.0,0.0,1.0,0.9956427015250545,2.6805251641137855,7.0,0.0,0.25,1.0
528.0,59.46615250621768,59.46615250621768,103.66386627663232,80.68543546366145,10.085679432957681,3,0.0,0.0,0.0,1.0,0.9934924078091106,2.6768558951965065,7.0,0.0,0.5,0.9744391545231269
529.0,0.0,0.0,70.5454102367405,70.22932321714858,8.778665402143572,2,0.0,0.0,0.0,1.0,0.9956616052060737,2.679738562091503,7.0,0.0,0.375,0.9992145570123719
530.0,0.0,0.0,46.09789882730793,26.277177865642763,3.2846472332053454,1,0.0,0.0,0.0,1.0,0.9978308026030369,2.6804347826086956,7.0,0.0,0.25,1.0
531.0,64.63735576954329,64.63735576954329,57.800188456407696,57.800188456407696,7.225023557050962,2,0.0,0.0,0.0,1.0,0.9956709956709957,2.6804347826086956,7.0,0.0,0.25,0.9768133982515798
532.0,103.6792651917878,103.6792651917878,104.34660656858034,86.78113954565468,10.847642443206835,2,0.0,0.0,0.0,1.0,0.9956896551724138,2.675324675324675,7.0,0.0,0.5,0.9827457072030598
533.0,34.41544177769086,34.41544177769086,124.37173745080437,78.43840875868412,9.804801094835515,2,0.0,0.0,0.0,1.0,0.9957173447537473,2.664516129032258,7.0,0.0,0.625,0.9736050218376646
534.0,37.08940885896683,37.08940885896683,80.97546591975156,66.75988886329029,8.344986107911286,2,0.0,0.0,0.0,1.0,0.9957264957264957,2.688841201716738,7.0,0.0,0.375,0.9825395324295632
535.0,17.729648527288703,17.729648527288703,75.91698815790771,45.0944162640252,5.63680203300315,1,0.0,0.0,0.0,1.0,0.997867803837953,2.6837606837606836,7.0,0.0,0.375,0.9671041611000987
536.0,9.030826894554371,9.030826894554371,48.89502281886512,11.103465310164841,1.3879331637706052,0,0.0,0.0,0.0,1.0,1.0,2.6851063829787236,7.0,0.0,0.25,1.0
537.0,0.0,0.0,0.0,0.0,0.0,0,0.0,0.0,0.0,1.0,1.0,2.6851063829787236,7.0,0.0,0.0,0.0
538.0,431.11412774634385,431.11412774634385,56.89846987839722,56.89846987839722,7.112308734799653,2,0.0,0.0,0.0,1.0,0.9957627118644068,2.6851063829787236,7.0,0.0,0.25,0.9805981103472616
539.0,39.000845659861135,39.000845659861135,81.37846615344685,81.37846615344687,10.172308269180858,3,0.0,0.0,0.0,1.0,0.9936575052854123,2.6851063829787236,7.0,0.0,0.375,0.980870865143325
540.0,118.46657049087267,118.46657049087267,107.22343381228647,97.32925665328248,12.16615708166031,3,0.0,0.0,0.0,1.0,0.9936708860759493,2.683651804670913,7.0,0.0,0.5,0.9921962210379872
541.0,87.01566910298362,87.01566910298362,82.56481530984003,82.56481530984003,10.320601913730004,4,0.0,0.0,0.0,1.0,0.991578947368421,2.683651804670913,7.0,0.0,0.375,0.9935669439188696
542.0,8.0,8.0,82.33161841817387,82.33161841817387,10.291452302271734,5,0.0,0.0,0.0,1.0,0.9894957983193278,2.683651804670913,7.0,0.0,0.375,0.9937572457709055
543.0,28.476076347537003,28.476076347537003,108.53823899183865,99.68107131947957,12.460133914934946,6,0.0,0.0,0.0,1.0,0.9874476987447699,2.680084745762712,7.0,0.0,0.5,0.9954956460629067
544.0,62.20589290656699,62.20589290656699,125.82563010582346,86.15073036370681,10.768841295463352,5,0.0,0.0,0.0,1.0,0.9895833333333334,2.690526315789474,7.0,0.0,0.625,0.9855526438428186
545.0,0.0,0.0,76.25415704720643,76.25415704720643,9.531769630900804,5,0.0,0.0,0.0,1.0,0.9895833333333334,2.690526315789474,7.0,0.0,0.375,0.9652081746161251
546.0,0.0,0.0,76.14386992040932,63.28235689100798,7.910294611375997,4,0.0,0.0,0.0,1.0,0.9916666666666667,2.6911764705882355,7.0,0.0,0.375,0.9658317472933533
547.0,0.0,0.0,56.44187507555729,41.32329913885076,5.165412392356345,1,0.0,0.0,0.0,1.0,0.9979166666666667,2.722338204592902,7.0,0.0,0.25,0.982435615809707
548.0,192.43209478501865,192.43209478501865,108.83763330463553,78.02228673466091,9.752785841832614,2,0.0,0.0,0.0,1.0,0.9958592132505176,2.725571725571726,7.0,0.0,0.5,0.988223561092627
549.0,102.15376279220112,102.15376279220112,85.62246971814598,85.62246971814598,10.702808714768247,3,0.0,0.0,0.0,1.0,0.993801652892562,2.725571725571726,7.0,0.0,0.375,0.9901399912133103
550.0,84.95019851999206,84.95019851999206,105.78742894573581,77.59644675213482,9.699555844016853,3,0.0,0.0,0.0,1.0,0.9938271604938271,2.722567287784679,7.0,0.0,0.5,0.9775472172948274
551.0,18.87832649761187,18.87832649761187,82.86531118747406,77.29612627565338,9.662015784456672,3,0.0,0.0,0.0,1.0,0.9938398357289527,2.71900826446281,7.0,0.0,0.375,0.9798693313639479
552.0,8.0,8.0,82.9316087489729,38.602468082795696,4.825308510349462,1,0.0,0.0,0.0,1.0,0.9979508196721312,2.722792607802875,7.0,0.0,0.375,0.9805904574856534
553.0,0.0,0.0,25.52265134342043,25.52265134342043,3.190331417927554,1,0.0,0.0,0.0,1.0,0.9979508196721312,2.722792607802875,7.0,0.0,0.125,1.0
554.0,0.0,0.0,25.685526526714444,25.685526526714444,3.2106908158393055,1,0.0,0.0,0.0,1.0,0.9979508196721312,2.722792607802875,7.0,0.0,0.125,1.0
555.0,58.32077840419748,58.32077840419748,51.37552793179281,32.08561647461177,4.010702059326471,1,0.0,0.0,0.0,1.0,0.9979550102249489,2.7295081967213113,7.0,0.0,0.25,0.9976508350896395
556.0,70.69899299151848,70.69899299151848,83.21992056370036,83.21992056370037,10.402490070462546,3,0.0,0.0,0.0,1.0,0.9938900203665988,2.7295081967213113,7.0,0.0,0.375,0.9922299393195861
557.0,0.0,0.0,83.0657547057431,18.86558259947514,2.3581978249343925,0,0.0,0.0,0.0,1.0,1.0,2.7270875763747453,7.0,0.0,0.375,0.9926359101511528
558.0,0.0,0.0,0.0,0.0,0.0,0,0.0,0.0,0.0,1.0,1.0,2.7270875763747453,7.0,0.0,0.0,0.0
559.0,0.0,0.0,0.0,0.0,0.0,0,0.0,0.0,0.0,1.0,1.0,2.7270875763747453,7.0,0.0,0.0,0.0
560.0,58.70779223724266,58.70779223724266,26.895964747214524,26.895964747214524,3.3619955934018155,1,0.0,0.0,0.0,1.0,0.9979674796747967,2.7270875763747453,7.0,0.0,0.125,1.0
561.0,95.83559854687913,95.83559854687913,77.10962403743238,61.809549228773946,7.726193653596743,2,0.0,0.0,0.0,1.0,0.9959514170040485,2.7235772357723578,7.0,0.0,0.375,0.9945876883812033
562.0,0.0,0.0,50.95285698362542,29.558964771897664,3.694870596487208,1,0.0,0.0,0.0,1.0,0.9979757085020243,2.7241379310344827,7.0,0.0,0.25,0.9983715446323964
563.0,116.48353658286324,116.48353658286324,44.71611441599113,44.71611441599113,5.589514301998891,2,0.0,0.0,0.0,1.0,0.9959595959595959,2.7241379310344827,7.0,0.0,0.25,0.9990460228871691
564.0,44.44197043863326,44.44197043863326,102.51305852582094,74.1429880114776,9.2678735014347,2,0.0,0.0,0.0,1.0,0.9959758551307847,2.7232323232323234,7.0,0.0,0.5,0.9692487880548991
565.0,44.684038124382226,44.684038124382226,102.29926936678834,69.7749020554322,8.721862756929024,2,0.0,0.0,0.0,1.0,0.9959919839679359,2.7183098591549295,7.0,0.0,0.5,0.9769082149955312
566.0,19.86734526721031,19.86734526721031,84.4695648908974,48.867614207099976,6.108451775887497,1,0.0,0.0,0.0,1.0,0.998,2.7134268537074147,7.0,0.0,0.375,0.9794371477139686
567.0,195.33177950897675,195.33177950897675,44.02296698099327,44.02296698099327,5.502870872624158,2,0.0,0.0,0.0,1.0,0.9960079840319361,2.7134268537074147,7.0,0.0,0.25,0.9997553665709726
568.0,62.736555050155715,62.736555050155715,68.47047839042582,49.390332145075305,6.173791518134413,2,0.0,0.0,0.0,1.0,0.9960159362549801,2.72,7.0,0.0,0.375,0.9973238954466139
569.0,15.305684684223127,15.305684684223127,48.89502281886512,48.89502281886512,6.11187785235814,3,0.0,0.0,0.0,1.0,0.9940357852882704,2.72,7.0,0.0,0.25,1.0
570.0,8.0,8.0,78.40473553235631,46.28904364072315,5.786130455090394,2,0.0,0.0,0.0,1.0,0.996031746031746,2.7171314741035855,7.0,0.0,0.375,0.9917316584712466
571.0,61.67556364803043,61.67556364803043,59.530250660463835,59.530250660463835,7.441281332557979,3,0.0,0.0,0.0,1.0,0.994059405940594,2.7171314741035855,7.0,0.0,0.25,0.9690704552699316
572.0,0.0,0.0,59.76425504687991,51.04033580643173,6.380041975803966,2,0.0,0.0,0.0,1.0,0.996039603960396,2.7157057654075545,7.0,0.0,0.25,0.9679828709125096
573.0,131.70377241832261,131.70377241832261,81.50701242006623,80.58740549247428,10.073425686559284,3,0.0,0.0,0.0,1.0,0.9940828402366864,2.7123015873015874,7.0,0.0,0.375,0.9949918565065142
574.0,75.52337816435198,75.52337816435198,84.91580772360422,84.91580772360422,10.614475965450527,4,0.0,0.0,0.0,1.0,0.9921259842519685,2.7123015873015874,7.0,0.0,0.375,0.9907189362841005
575.0,0.0,0.0,84.64901094446006,79.44229131431977,9.930286414289972,2,0.0,0.0,0.0,1.0,0.9960629921259843,2.733201581027668,7.0,0.0,0.375,0.9910485879062264
576.0,133.46594067053525,133.46594067053525,84.36043235595473,54.86497205986629,6.858121507483286,1,0.0,0.0,0.0,1.0,0.9980353634577603,2.736220472440945,7.0,0.0,0.375,0.9914028581150619
577.0,0.0,0.0,24.44751140943256,24.44751140943256,3.05593892617907,1,0.0,0.0,0.0,1.0,0.9980353634577603,2.736220472440945,7.0,0.0,0.125,1.0
578.0,82.8787129862143,82.8787129862143,50.85770769715728,50.85770769715728,6.35721346214466,2,0.0,0.0,0.0,1.0,0.996078431372549,2.736220472440945,7.0,0.0,0.25,0.9985128962511974
579.0,0.0,0.0,51.0491104179564,51.0491104179564,6.38113880224455,2,0.0,0.0,0.0,1.0,0.996078431372549,2.736220472440945,7.0,0.0,0.25,0.9982226302865428
580.0,120.58879237521597,120.58879237521597,79.89206420521703,79.89206420521703,9.986508025652128,4,0.0,0.0,0.0,1.0,0.9921875,2.736220472440945,7.0,0.0,0.375,0.9958481639316308
581.0,0.0,0.0,79.80701619855888,50.670844385813226,6.333855548226653,1,0.0,0.0,0.0,1.0,0.998046875,2.7436399217221137,7.0,0.0,0.375,0.996284103443076
582.0,33.237092156786694,33.237092156786694,80.15533676460248,59.18422797044198,7.398028496305248,1,0.0,0.0,0.0,1.0,0.9980544747081712,2.736842105263158,7.0,0.0,0.375,0.9972371526611696
583.0,53.46353062326848,53.46353062326848,82.71133867606738,66.33448888122783,8.291811110153478,2,0.0,0.0,0.0,1.0,0.9961240310077519,2.7334630350194553,7.0,0.0,0.375,0.9867740848484036
584.0,8.0,8.0,84.45079677272153,24.750602435341836,3.0938253044177295,0,0.0,0.0,0.0,1.0,1.0,2.733075435203095,7.0,0.0,0.375,0.9946836381287898
585.0,15.743266769288347,15.743266769288347,27.777522884602345,15.743266769288347,1.9679083461610434,0,0.0,0.0,0.0,1.0,1.0,2.72972972972973,7.0,0.0,0.125,1.0
586.0,0.0,0.0,0.0,0.0,0.0,0,0.0,0.0,0.0,1.0,1.0,2.72972972972973,7.0,0.0,0.0,0.0
587.0,0.0,0.0,0.0,0.0,0.0,0,0.0,0.0,0.0,1.0,1.0,2.72972972972973,7.0,0.0,0.0,0.0
588.0,0.0,0.0,0.0,0.0,0.0,0,0.0,0.0,0.0,1.0,1.0,2.72972972972973,7.0,0.0,0.0,0.0
589.0,67.43791856752415,67.43791856752415,24.44751140943256,24.44751140943256,3.05593892617907,1,0.0,0.0,0.0,1.0,0.9980732177263969,2.72972972972973,7.0,0.0,0.125,1.0
590.0,0.0,0.0,24.44751140943256,24.44751140943256,3.05593892617907,1,0.0,0.0,0.0,1.0,0.9980732177263969,2.72972972972973,7.0,0.0,0.125,1.0
591.0,0.0,0.0,24.44751140943256,18.542895748659024,2.317861968582378,0,0.0,0.0,0.0,1.0,1.0,2.7302504816955686,7.0,0.0,0.125,1.0
592.0,0.0,0.0,0.0,0.0,0.0,0,0.0,0.0,0.0,1.0,1.0,2.7302504816955686,7.0,0.0,0.0,0.0
593.0,0.0,0.0,0.0,0.0,0.0,0,0.0,0.0,0.0,1.0,1.0,2.7302504816955686,7.0,0.0,0.0,0.0
594.0,0.0,0.0,0.0,0.0,0.0,0,0.0,0.0,0.0,1.0,1.0,2.7302504816955686,7.0,0.0,0.0,0.0
595.0,93.52806919023588,93.52806919023588,30.02877345774123,30.02877345774123,3.753596682217654,1,0.0,0.0,0.0,1.0,0.9980769230769231,2.7302504816955686,7.0,0.0,0.125,1.0
596.0,88.7577882629528,88.7577882629528,60.692717804643806,52.74559532028158,6.593199415035198,2,0.0,0.0,0.0,1.0,0.9961685823754789,2.726923076923077,7.0,0.0,0.25,0.9999974055751024
597.0,0.0,0.0,30.562528157840116,30.562528157840116,3.8203160197300146,2,0.0,0.0,0.0,1.0,0.9961685823754789,2.726923076923077,7.0,0.0,0.125,1.0
598.0,143.54451307825133,143.54451307825133,56.30870355488755,56.30870355488755,7.038587944360944,4,0.0,0.0,0.0,1.0,0.9923809523809524,2.72936660268714,7.0,0.0,0.25,0.9910939880799323
599.0,0.0,0.0,56.30412746248362,56.30412746248362,7.038015932810453,4,0.0,0.0,0.0,1.0,0.9923809523809524,2.72936660268714,7.0,0.0,0.25,0.9893073079483027
