scenario,strategy,seed,episode_reward,episode_steps,samples,avg_offered_load_mbps,avg_accepted_load_mbps,avg_capacity_mbps,avg_goodput_mbps,avg_queue,final_capacity_mbps,final_goodput_mbps,final_queue,final_blocked_rate,final_blocked_queue_cap_rate,final_blocked_timeout_rate,final_utilization,final_fairness,avg_utilization,avg_fairness,avg_acceptance_rate,avg_service_rate,final_mean_served_delay_s,final_p95_served_delay_s,final_mean_timeout_delay_s
both_ch32,ppo_v4,42,-91.56368687723308,600,600,766.2760178948384,613.862390879217,106.81906302473793,106.59596236078897,59.66833333333334,109.44834134106694,109.44834134106696,73,0.8309623430962343,0.19246861924686193,0.6384937238493724,1.0,0.6726637725716279,0.9983333333333333,0.7163130093809922,0.8240535648905372,0.14453210321633872,14.522658610271904,20.0,20.0
both_ch32,ppo_v4,43,-99.57208421892818,600,600,759.8008368706072,598.807348723662,107.42381936580398,107.22904302075192,59.99666666666667,109.86260932650248,109.86260932650247,62,0.8322502030869212,0.2140536149471974,0.6181965881397238,1.0,0.7172134866045432,0.9998958333333333,0.704813119859984,0.8000126811642028,0.1430844543429338,15.108262108262108,20.0,20.0
both_ch32,ppo_v4,44,-103.1686266403985,600,600,764.4133077715236,611.4123578202142,108.32054000227438,108.044100459972,59.63166666666667,103.8715847741652,103.87158477416519,60,0.8355263157894737,0.20189144736842105,0.6336348684210527,1.0,0.7179094736150642,1.0,0.7086488012600377,0.8132532166545752,0.15864995454396486,13.723529411764705,20.0,20.0
both_ch32,ppo_v4,45,-98.42124273769859,600,600,787.1612102454801,625.4458377412425,107.88708608147925,107.57117589929823,59.52,105.0967728180419,105.0967728180419,61,0.833743842364532,0.2044334975369458,0.6293103448275862,1.0,0.6557324140177221,0.9992708333333333,0.7082385973664098,0.8092735098208695,0.16315714875655418,13.625,20.0,20.0
both_ch32,ppo_v4,46,-94.40964939566287,600,600,752.7792334683929,604.7318631821698,108.00657338775217,107.80733790550374,58.391666666666666,111.40325431064565,111.40325431064565,62,0.8436161096829478,0.19108826049700087,0.6525278491859469,1.0,0.6222741398835508,0.9994791666666667,0.7103965847571271,0.8106724900824289,0.12277605154173567,14.310231023102311,20.0,20.0
both_ch32,ppo_v4,47,-100.74568103822519,600,600,776.7866375396233,627.496622729362,108.32114582045926,108.04700606802888,59.935,107.39126032311113,107.20853569955521,61,0.8504594820384294,0.19423558897243107,0.6562238930659984,1.0,0.6099118964640105,1.0,0.7073570837433988,0.8065450967255626,0.12211218777477763,14.168350168350168,20.0,20.0
both_ch32,ppo_v4,48,-108.47437339107685,600,600,786.1313096884865,629.1668841491421,108.13650260124604,107.88586764432043,60.571666666666665,112.19389445641536,112.19389445641535,56,0.8507831821929102,0.20403957131079967,0.6467436108821105,1.0,0.6749479401544386,0.9982291666666666,0.697917610713082,0.8100615204010979,0.12251864619768414,14.957516339869281,20.0,20.0
both_ch32,ppo_v4,49,-102.30255875957077,600,600,743.3465389769656,597.0750409260804,107.01878710272182,106.66710951301945,60.178333333333335,107.59754756795084,107.59754756795087,65,0.8413621262458472,0.19352159468438537,0.6478405315614618,1.0,0.6529469797841416,1.0,0.7129415900061588,0.8285635030131498,0.14392186105217686,14.220820189274448,20.0,20.0
both_ch32,ppo_v4,50,-101.1515045950558,600,600,778.7999490711376,621.8518104871968,107.14672755123169,106.86771247092202,59.92,113.32757776001404,113.32757776001404,60,0.8371040723981901,0.20937885643767998,0.6277252159605101,1.0,0.6635666254749113,0.9991666666666666,0.7111033734066368,0.8088402088982515,0.14232712039017015,15.148809523809524,20.0,20.0
both_ch32,ppo_v4,51,-106.68190625169359,600,600,770.4303003527792,600.7112988989015,107.94921655279599,107.75339500287994,59.665,105.56210181249351,104.14690795201533,54,0.8499384993849939,0.2119721197211972,0.6379663796637967,1.0,0.6240295636436156,0.9995833333333334,0.6925214293668421,0.8076216296130602,0.1345181151201509,14.301282051282051,20.0,20.0
both_ch64,ppo_v4,42,268.9149921929151,600,600,766.2760178948384,629.0413825814363,210.26346004155224,209.33367775305686,56.638333333333335,210.56014692876926,210.56014692876929,68,0.6895397489539749,0.1707112970711297,0.5188284518828452,1.0,0.6978278077728676,0.9945833333333334,0.7250319584564033,0.8451576874551828,0.26981913521031253,13.568249258160238,20.0,20.0
both_ch64,ppo_v4,43,265.38023373351774,600,600,759.8008368706072,613.7172832185756,211.7849156547268,210.73099689490329,57.156666666666666,210.81797890114956,210.81797890114953,59,0.6949634443541836,0.19049553208773354,0.50446791226645,1.0,0.7577611122520238,0.9973958333333334,0.7225063588472761,0.8241367254193863,0.2828304023763554,13.874277456647398,20.0,20.0
both_ch64,ppo_v4,44,267.67592137415227,600,600,764.4133077715236,628.316576727774,212.7023276758485,211.6853531537887,56.845,206.2351533003918,206.2351533003918,61,0.7027138157894737,0.18338815789473684,0.5193256578947368,1.0,0.7194862096073059,0.99703125,0.7157348231780394,0.8333836061668471,0.2983609130894166,13.40332326283988,20.0,20.0
both_ch64,ppo_v4,45,271.48669076383214,600,600,787.1612102454801,642.0332780856578,212.00816057400453,210.75982048871109,56.63166666666667,211.97230558701372,211.9723055870137,62,0.694991789819376,0.18596059113300492,0.5090311986863711,1.0,0.6766876514242919,0.9971354166666667,0.7298250904327673,0.8303335540088594,0.2949538442827236,13.45374449339207,20.0,20.0
both_ch64,ppo_v4,46,277.00298882212843,600,600,752.7792334683929,621.4588710243207,213.13216073380656,212.26302116131058,55.755,214.7629202656326,214.76292026563257,59,0.6996572407883462,0.16923736075407025,0.5304198800342759,1.0,0.7415866091435437,0.9969791666666666,0.7149580822028974,0.8330667056863487,0.27914464427457303,13.811526479750778,20.0,20.0
both_ch64,ppo_v4,47,262.7395913531769,600,600,776.7866375396233,636.4675412932874,213.49524645816268,212.36175354091583,57.13,215.45166191726986,215.45166191726983,55,0.7176274018379282,0.17878028404344193,0.5388471177944862,1.0,0.7533700026217672,0.99875,0.710166805389712,0.8234741489188813,0.24397692639212834,13.742351046698873,20.0,20.0
both_ch64,ppo_v4,48,254.73935362659162,600,600,786.1313096884865,647.8334141907274,212.57108556276145,211.6479130716666,57.62,209.81417560286127,209.8141756028613,56,0.7147568013190437,0.1838417147568013,0.5309150865622424,1.0,0.7417449469963856,0.9965104166666666,0.716975437634145,0.8334563917466278,0.267600239521502,13.814465408805031,20.0,20.0
both_ch64,ppo_v4,49,271.0612480203313,600,600,743.3465389769656,611.9132250151289,212.20962922276522,211.16433763605977,57.33,213.4890716018124,213.48907160181244,62,0.6985049833887044,0.17566445182724252,0.5228405315614618,1.0,0.7659110974398766,0.9961979166666667,0.7189879672700563,0.8431880694615633,0.29534592728959963,13.882530120481928,20.0,20.0
both_ch64,ppo_v4,50,263.5769177510304,600,600,778.7999490711376,632.467582768266,211.09882135426835,210.00854595277548,56.961666666666666,222.90683635024197,215.96620646697076,50,0.7079391197038256,0.1888111888111888,0.5191279308926368,1.0,0.7388138790451245,0.9972395833333333,0.7359073680096805,0.8288895785533542,0.2756504011413838,13.774242424242424,20.0,20.0
both_ch64,ppo_v4,51,252.44524076468997,600,600,770.4303003527792,616.1029892331142,210.44135989366305,209.4512184365773,57.03333333333333,211.78729193157338,210.3720980710952,50,0.7162771627716277,0.1922919229192292,0.5239852398523985,1.0,0.7168515558536225,0.9981770833333333,0.7324709654331789,0.8289963076366373,0.2732498732471687,13.750778816199377,20.0,20.0
both_int3,ppo_v4,42,157.0950357966337,600,600,766.2760178948384,625.8926050922353,179.99688813519276,179.13264095783396,57.61333333333334,176.7430001628686,176.74300016286864,69,0.7372384937238494,0.17824267782426778,0.5589958158995816,1.0,0.6830573152649982,0.99625,0.6583387903574827,0.8384593328723584,0.2297418264653488,13.686940966010733,20.0,20.0
both_int3,ppo_v4,43,147.11487321643057,600,600,759.8008368706072,611.1635699233896,179.70621209672242,178.89084344179903,58.07,176.2353139656884,176.2353139656884,60,0.7420796100731113,0.19618196588139725,0.545897644191714,1.0,0.7034012364552379,0.9985416666666667,0.664307163557523,0.8176365667672412,0.23350803207371887,13.876521739130435,20.0,20.0
both_int3,ppo_v4,44,150.7742131335357,600,600,764.4133077715236,619.9423068469308,181.13669609421476,180.25969229450132,57.60333333333333,175.72147427617563,175.72147427617566,61,0.7376644736842105,0.18832236842105263,0.5493421052631579,1.0,0.6650674887384468,0.9989583333333333,0.6643876845851622,0.8291814522375589,0.2573358363604283,13.495667244367418,20.0,20.0
both_int3,ppo_v4,45,158.13911281468782,600,600,787.1612102454801,638.6411930888119,181.65961541324214,180.55435083095065,57.58833333333333,174.96004954539862,174.96004954539856,61,0.7413793103448276,0.18883415435139572,0.5525451559934319,1.0,0.67223779213828,0.9985416666666667,0.655978573113762,0.8280117756912702,0.2544765087153993,13.196836555360282,20.0,20.0
both_int3,ppo_v4,46,158.3428663528482,600,600,752.7792334683929,612.8527356767623,181.78361886171658,181.111675760037,56.71,178.00984041708395,178.009840417084,58,0.7442159383033419,0.17823479005998286,0.565981148243359,1.0,0.70433113594787,0.9985416666666667,0.6511207044893804,0.8251479517568512,0.23297768416865133,14.196660482374767,20.0,20.0
both_int3,ppo_v4,47,147.37827089485205,600,600,776.7866375396233,634.4754880177769,181.911492775418,181.01484072146374,58.32,178.87104525307979,178.87104525307984,62,0.7573099415204678,0.18421052631578946,0.5730994152046783,1.0,0.7232012110718143,0.9995833333333334,0.6524089008299728,0.8179443458123814,0.20387726346330984,14.263969171483623,20.0,20.0
both_int3,ppo_v4,48,141.4044296153026,600,600,786.1313096884865,643.8203340244046,182.15273635787193,181.51856513207613,58.68666666666667,181.3356999641129,181.33569996411296,53,0.7600989282769992,0.19167353668590273,0.5684253915910965,1.0,0.7534230657944395,0.9975,0.646651224295234,0.8267708839575557,0.22616017117057377,14.217391304347826,20.0,20.0
both_int3,ppo_v4,49,154.694647045437,600,600,743.3465389769656,607.8837262992784,181.32001043489353,180.48412432324884,58.14333333333333,183.89794867117976,183.8979486711798,61,0.7408637873754153,0.18230897009966776,0.5585548172757475,1.0,0.6654197291932662,0.99875,0.6579155284137447,0.8368122455905483,0.2527687758729226,14.019538188277087,20.0,20.0
both_int3,ppo_v4,50,131.51258935707222,600,600,778.7999490711376,635.1354846127035,176.85638737312308,175.94891515956198,57.88166666666667,186.0926750306864,186.09267503068634,54,0.7577128753599341,0.19991772932949403,0.5577951460304401,1.0,0.6161264278159329,0.9983333333333333,0.6702681552239161,0.8186080531336337,0.23087884415022306,14.157009345794393,20.0,20.0
both_int3,ppo_v4,51,145.02466754324954,600,600,770.4303003527792,609.9954416970305,180.43443848936133,179.8292126662646,57.75833333333333,184.63149457709628,184.63149457709628,54,0.7519475194751948,0.2000820008200082,0.5518655186551865,1.0,0.5890870761416194,0.9989583333333333,0.6518989278264263,0.8205388589241409,0.2374401438818711,14.045372050816697,20.0,20.0
both_int6,ppo_v4,42,10.524385615025118,600,600,766.2760178948384,617.7805295446498,138.28276938653545,137.8936399594982,58.916666666666664,134.5611347749507,134.5611347749507,70,0.7899581589958159,0.18577405857740587,0.6041841004184101,1.0,0.6792231833953775,0.99625,0.6568630182055436,0.8309817927640407,0.18052280514533345,14.208333333333334,20.0,20.0
both_int6,ppo_v4,43,4.847256062218438,600,600,759.8008368706072,606.4455500716485,138.81666660921223,138.4969364783262,59.245,136.17940215029685,136.17940215029688,60,0.7855402112103981,0.20552396425670186,0.5800162469536961,1.0,0.7071849411810951,0.9985416666666667,0.659302205089377,0.8053450370396669,0.18982358688395248,14.737179487179487,20.0,20.0
both_int6,ppo_v4,44,7.02337155594086,600,600,764.4133077715236,614.106491083321,141.42605465812264,140.86875665144706,58.748333333333335,133.9563109649113,133.95631096491132,60,0.7915296052631579,0.1953125,0.5962171052631579,1.0,0.6868477850933823,0.9989583333333333,0.6429615691994194,0.8212693062916574,0.20163399890963427,13.61744966442953,20.0,20.0
both_int6,ppo_v4,45,14.422500726267938,600,600,787.1612102454801,628.9000459394166,141.13651649198385,140.57168585912828,58.67333333333333,132.84877274291375,132.84877274291378,61,0.791871921182266,0.19663382594417078,0.5952380952380952,1.0,0.6547238785103903,0.9985416666666667,0.6471908879387599,0.8197898592417876,0.20817418327819245,13.309417040358744,20.0,20.0
both_int6,ppo_v4,46,19.51493746588419,600,600,752.7792334683929,610.2578485190013,141.0728286420929,140.71849712748892,57.858333333333334,138.52914915545233,138.5291491554523,60,0.7969151670951157,0.18466152527849186,0.6122536418166238,1.0,0.7196058791659191,0.9985416666666667,0.6443461302446339,0.8186269474713923,0.17722934408489596,14.557971014492754,20.0,20.0
both_int6,ppo_v4,47,7.732539437974739,600,600,776.7866375396233,624.6068106228538,140.9373908315866,140.37310030640572,59.33833333333333,137.9036678623876,137.9036678623876,62,0.8099415204678363,0.18880534670008353,0.6211361737677528,1.0,0.7044395207884535,0.9995833333333334,0.644301276094643,0.8139280878254188,0.16305822804205272,14.246819338422393,20.0,20.0
both_int6,ppo_v4,48,-0.26155105053172256,600,600,786.1313096884865,637.7231914355422,141.3446453875994,140.95082382572906,59.79666666666667,141.77737177893852,141.77737177893854,53,0.8025556471558121,0.19868095630667765,0.6038746908491344,1.0,0.747528534200336,0.9975,0.633460604636506,0.8176472321587529,0.17399771550298587,14.906103286384976,20.0,20.0
both_int6,ppo_v4,49,10.190108621072858,600,600,743.3465389769656,599.0025094581746,139.7773103272006,139.17874273275078,59.26833333333333,144.24655429685993,144.24655429685996,63,0.7911129568106312,0.18853820598006646,0.6025747508305648,1.0,0.6503587886896709,0.99875,0.6547142574025779,0.8328050932712437,0.20385160305511743,14.293181818181818,20.0,20.0
both_int6,ppo_v4,50,-3.1684551644476002,600,600,778.7999490711376,628.0000446796167,137.22430543755888,136.767746418367,59.13333333333333,140.78139773624136,140.78139773624133,56,0.804607157548334,0.20238584944467297,0.602221308103661,1.0,0.6375627836177605,0.9983333333333333,0.6654039296757539,0.8166111846204303,0.18002292624761326,14.341288782816228,20.0,20.0
both_int6,ppo_v4,51,4.041080207794067,600,600,770.4303003527792,606.2310993530916,141.06078110284645,140.65959767275658,58.833333333333336,137.66782254723685,137.6678225472369,52,0.8023780237802378,0.2058220582205822,0.5965559655596556,1.0,0.6219381301929324,0.9989583333333333,0.6423176807580705,0.8150671565935702,0.19283728568725983,14.265116279069767,20.0,20.0
both_q5_t10,ppo_v4,42,133.84081746504827,600,600,766.2760178948384,739.9876866802119,166.070608143397,164.1537953075361,34.575,163.16085759840175,163.16085759840178,39,0.7669456066945607,0.032635983263598324,0.7343096234309623,1.0,0.6534111338676627,0.99625,0.694324843497201,0.9720112544431279,0.20484251592624428,6.77027027027027,10.0,10.0
both_q5_t10,ppo_v4,43,140.13953948152655,600,600,759.8008368706072,727.7513760651235,167.78960792821397,166.1194043168376,35.08,168.26584749821728,168.26584749821725,36,0.7562956945572705,0.04061738424045491,0.7156783103168156,1.0,0.6613109686938742,0.9985416666666667,0.6885961714968002,0.9602951486872691,0.2394697005357929,6.75,10.0,10.0
both_q5_t10,ppo_v4,44,130.0219016436571,600,600,764.4133077715236,740.7937392075797,167.52093856101786,165.616711562301,35.086666666666666,158.0581150988158,158.0581150988158,37,0.7680921052631579,0.03536184210526316,0.7327302631578947,1.0,0.7231706579404621,0.9989583333333333,0.6781518421819327,0.9619596227421436,0.24081845161581739,6.743833017077799,10.0,10.0
both_q5_t10,ppo_v4,45,132.46093469611517,600,600,787.1612102454801,761.9421836704996,167.8673228512868,165.9037424692815,35.208333333333336,180.14562913453705,180.14562913453707,28,0.7742200328407225,0.03201970443349754,0.7422003284072249,1.0,0.6625988513573577,0.9985416666666667,0.6919914224684851,0.9666466824781892,0.24140269397230943,6.509578544061303,10.0,10.0
both_q5_t10,ppo_v4,46,141.3000365303464,600,600,752.7792334683929,730.5764315204146,168.11289861149055,166.27327473566874,33.865,161.49395584450878,161.49395584450878,43,0.7686375321336761,0.027420736932305057,0.7412167952013711,1.0,0.7231773843411079,0.9985416666666667,0.6898496024341945,0.9742102138252443,0.2132463264002895,6.621730382293762,10.0,10.0
both_q5_t10,ppo_v4,47,131.7206365452136,600,600,776.7866375396233,752.1326301896794,167.9948528297846,166.4372313993689,35.083333333333336,168.5623302890051,168.56233028900516,34,0.7928153717627402,0.034252297410192145,0.758563074352548,1.0,0.6188521785824278,0.9995833333333334,0.6725361879383824,0.9677483324412735,0.18625543282848842,6.852813852813853,10.0,10.0
both_q5_t10,ppo_v4,48,126.71489404784231,600,600,786.1313096884865,756.9170528854715,167.21991732206342,165.7036538603481,35.48166666666667,160.31002206516345,160.31002206516342,24,0.7852431986809563,0.03709810387469085,0.7481450948062655,1.0,0.7591162109075172,0.9975,0.6761005229770802,0.9587230925310943,0.19828909061946243,7.022132796780684,10.0,10.0
both_q5_t10,ppo_v4,49,135.88068639713887,600,600,743.3465389769656,712.7337060691603,166.90900412760706,164.9863961053795,34.865,160.83851990096025,160.83851990096025,35,0.771594684385382,0.0340531561461794,0.7375415282392026,1.0,0.6627199295884123,0.99875,0.6866359972745262,0.9712922326545398,0.23669183807421,6.809708737864078,10.0,10.0
both_q5_t10,ppo_v4,50,121.85675454253578,600,600,778.7999490711376,746.5679692274588,166.2402005479466,164.56001483396676,34.89,170.36571297874204,170.36571297874204,31,0.7828054298642534,0.04566022213081036,0.737145207733443,1.0,0.6212133325830387,0.9983333333333333,0.6900704129502921,0.9584789691879858,0.21059906809195245,6.730382293762576,10.0,10.0
both_q5_t10,ppo_v4,51,135.22067908789066,600,600,770.4303003527792,740.1432897731177,167.38904595551676,165.65728586975675,35.358333333333334,181.83106960902,181.83106960902,31,0.7835178351783518,0.03608036080360803,0.7474374743747437,1.0,0.7904492073282332,0.9989583333333333,0.6772028470646867,0.9697166849242078,0.2099248448987112,6.776659959758551,10.0,10.0
both_q5_t40,ppo_v4,42,21.32408274355835,600,600,766.2760178948384,430.54315494251847,150.9498689385103,150.73503673552767,75.33833333333334,151.76629134525385,151.76629134525388,81,0.7623430962343096,0.43598326359832634,0.3263598326359833,1.0,0.646889027453917,0.99625,0.6843751756292575,0.5992694684410164,0.19807310336817707,26.763860369609855,39.0,40.0
both_q5_t40,ppo_v4,43,27.68385068521798,600,600,759.8008368706072,417.71017633680475,154.83580800287638,154.69953210779838,75.20666666666666,160.8511592631567,160.85115926315666,69,0.7745735174654752,0.46222583265637696,0.3123476848090983,1.0,0.626613478585895,0.9985416666666667,0.6689682446019464,0.5825930884917444,0.20569961382190008,27.84156378600823,40.0,40.0
both_q5_t40,ppo_v4,44,26.8896094041675,600,600,764.4133077715236,425.44871947739296,153.349904132452,152.93660680657695,75.43333333333334,157.3339180103759,157.33391801037587,79,0.7582236842105263,0.44243421052631576,0.3157894736842105,1.0,0.6622953851075065,0.9989583333333333,0.6781658668867174,0.6012024869552784,0.2258637384993979,26.81728880157171,39.0,40.0
both_q5_t40,ppo_v4,45,29.292941800355873,600,600,787.1612102454801,435.73803073145723,155.18236515454282,154.80994462557908,74.11833333333334,151.76629134525385,151.76629134525388,68,0.7680623973727422,0.4523809523809524,0.3156814449917898,1.0,0.646889027453917,0.9985416666666667,0.669615215491389,0.6007257136054514,0.21525280474590033,25.907444668008047,40.0,40.0
both_q5_t40,ppo_v4,46,32.862565479686104,600,600,752.7792334683929,421.8066131963396,154.6136194231578,154.46039457089893,74.99333333333334,155.3886872993849,155.38868729938497,77,0.7690659811482433,0.43573264781491,0.3333333333333333,1.0,0.6822646917827434,0.9985416666666667,0.6734328714126903,0.6044915445750512,0.2060624091767302,28.365800865800868,40.0,40.0
both_q5_t40,ppo_v4,47,19.410090040765017,600,600,776.7866375396233,427.5880104644414,152.45981476885888,152.32076387855105,75.79666666666667,151.76629134525385,151.76629134525388,76,0.7903091060985797,0.4515455304928989,0.3387635756056809,1.0,0.646889027453917,0.9995833333333334,0.6843529044533063,0.5757206013516989,0.16777515493997225,28.272300469483568,40.0,40.0
both_q5_t40,ppo_v4,48,22.1721484176906,600,600,786.1313096884865,439.5558079380809,155.9717875286458,155.83788720266037,76.90666666666667,151.76629134525385,151.76629134525388,72,0.7778235779060181,0.4488870568837593,0.32893652102225884,1.0,0.646889027453917,0.9975,0.6583993257847408,0.5996361894971136,0.1926617637207673,28.18629550321199,40.0,40.0
both_q5_t40,ppo_v4,49,30.459788080614295,600,600,743.3465389769656,420.8407459442985,154.95267740042294,154.4827436756338,75.23166666666667,156.12030133355066,156.12030133355066,83,0.7649501661129569,0.4426910299003322,0.3222591362126246,1.0,0.6796724749905261,0.99875,0.6751066733637427,0.611655014313332,0.2204493108861951,26.59006211180124,39.0,40.0
both_q5_t40,ppo_v4,50,24.13543178178814,600,600,778.7999490711376,410.6727631641869,154.92730243875266,154.57331419529734,75.01,156.12030133355066,156.12030133355066,71,0.7762237762237763,0.45701357466063347,0.3192102015631427,1.0,0.6796724749905261,0.9983333333333333,0.6638668902171528,0.5899128092143278,0.20339156237582018,27.602536997885835,40.0,40.0
both_q5_t40,ppo_v4,51,12.838295934868183,600,600,770.4303003527792,429.95239701228303,151.88769886462035,151.69052733751917,76.55,160.73593206595606,160.73593206595604,70,0.7847478474784748,0.44977449774497746,0.33497334973349735,1.0,0.589111887386353,0.9989583333333333,0.6899903791147906,0.5986608229527284,0.20283305713086544,27.2021978021978,40.0,40.0
both_q10_t20,ppo_v4,42,67.20339482204527,600,600,766.2760178948384,762.4486799761595,158.33675462412822,157.79701375850064,72.79833333333333,156.12030133355066,156.12030133355066,92,0.7610878661087866,0.0041841004184100415,0.7569037656903765,1.0,0.6796724749905261,0.99625,0.6575774960637636,0.9966329555581198,0.19886719799084998,14.64509394572025,20.0,20.0
both_q10_t20,ppo_v4,43,68.46324176632687,600,600,759.8008368706072,753.7891291947797,158.68073143870572,158.36231226114364,75.35666666666667,156.4300892994309,156.43008929943085,71,0.7579203899268887,0.006904955320877335,0.7510154346060114,1.0,0.7038430354175141,0.9985416666666667,0.66146474497976,0.9930888766807139,0.2128947467885284,15.388571428571428,20.0,20.0
both_q10_t20,ppo_v4,44,71.33436661423136,600,600,764.4133077715236,757.2351991811967,159.92015055611657,159.27753895778716,73.52166666666666,154.19634458987738,154.1963445898774,77,0.7639802631578947,0.008634868421052632,0.7553453947368421,1.0,0.6887386506698299,0.9989583333333333,0.6587808417647348,0.9931512501587372,0.21835569107454186,14.173038229376257,20.0,20.0
both_q10_t20,ppo_v4,45,70.5744786954594,600,600,787.1612102454801,784.9926282913852,160.5848339558557,159.97426663870556,74.1,153.4355044970465,153.43550449704648,80,0.7688834154351396,0.0028735632183908046,0.7660098522167488,1.0,0.6666627165431153,0.9985416666666667,0.651945851749064,0.996419917710345,0.2226847891981023,13.923395445134576,20.0,20.0
both_q10_t20,ppo_v4,46,80.70175890726846,600,600,752.7792334683929,746.639121369468,160.35402470918964,159.99905268784087,71.42166666666667,157.9320370936911,157.9320370936911,65,0.7763496143958869,0.005998286203941731,0.7703513281919452,1.0,0.7315717010764378,0.9985416666666667,0.6503554465928134,0.9948055297477587,0.20447304843413883,14.879649890590809,20.0,20.0
both_q10_t20,ppo_v4,47,70.00475288526482,600,600,776.7866375396233,771.187187576032,160.62153696960428,160.23739272924558,73.48833333333333,156.12030133355066,155.93757670999472,76,0.7815371762740184,0.007518796992481203,0.7740183792815372,1.0,0.6796724749905261,0.9995833333333334,0.6469429490544906,0.9947183470599612,0.18190473533694673,14.946308724832214,20.0,20.0
both_q10_t20,ppo_v4,48,64.73254075524315,600,600,786.1313096884865,778.7884703841933,161.25286780189893,160.81019723828575,74.66666666666667,158.56991462140212,158.56991462140215,72,0.7728771640560593,0.008656224237427864,0.7642209398186315,1.0,0.7222007585901669,0.9975,0.642497111645253,0.9899249146035136,0.20092291939605325,15.323590814196242,20.0,20.0
both_q10_t20,ppo_v4,49,75.38295584234427,600,600,743.3465389769656,741.3984247834164,159.78285295448578,159.18831000332946,73.67166666666667,162.7323264737391,162.7323264737391,82,0.7620431893687708,0.006229235880398671,0.7558139534883721,1.0,0.6532953135945923,0.99875,0.6581716829394294,0.994604440131025,0.22440734255684958,15.114052953156822,20.0,20.0
both_q10_t20,ppo_v4,50,63.89009968807331,600,600,778.7999490711376,771.333590682094,157.4750270817819,156.93568874508713,74.02,159.55854129826454,159.55854129826452,80,0.7725215960510078,0.01316330728095434,0.7593582887700535,1.0,0.6460158903659952,0.9983333333333333,0.6632938182771608,0.9894963197288797,0.1995932019522625,15.050739957716702,20.0,20.0
both_q10_t20,ppo_v4,51,68.84907692636008,600,600,770.4303003527792,764.1785269941093,158.8952860998916,158.4236090301633,74.13833333333334,158.60435380791978,158.60435380791975,78,0.7728577285772857,0.009020090200902008,0.7638376383763837,1.0,0.6218969625280296,0.9989583333333333,0.6551615608481421,0.9939108689860804,0.2145831609071539,14.521008403361344,20.0,20.0
both_q15_t20,ppo_v4,42,67.33458995815674,600,600,766.2760178948384,766.2760178948384,158.3304149494887,157.79067408386112,73.15333333333334,156.12030133355066,156.12030133355066,92,0.7619246861924687,0.0,0.7619246861924687,1.0,0.6796724749905261,0.99625,0.6576102055042783,1.0,0.19831108187267488,14.645702306079665,20.0,20.0
both_q15_t20,ppo_v4,43,69.25613568700321,600,600,759.8008368706072,759.7798667372267,158.6900580940305,158.3716389164684,75.905,156.4300892994309,156.43008929943085,71,0.7583265637692933,0.00040617384240454913,0.7579203899268887,1.0,0.7038430354175141,0.9985416666666667,0.661699427438308,0.9997771199485666,0.21267487394508622,15.395038167938932,20.0,20.0
both_q15_t20,ppo_v4,44,71.1435395034291,600,600,764.4133077715236,764.4133077715236,159.9085799576167,159.303244983079,74.2,154.19634458987738,154.1963445898774,77,0.7639802631578947,0.0,0.7639802631578947,1.0,0.6887386506698299,0.9989583333333333,0.6590622936360069,1.0,0.21844449890747047,14.146881287726359,20.0,20.0
both_q15_t20,ppo_v4,45,70.17757458737604,600,600,787.1612102454801,787.1612102454801,160.58555600510468,159.97498868795455,74.33,153.4355044970465,153.43550449704648,80,0.7680623973727422,0.0,0.7680623973727422,1.0,0.6666627165431153,0.9985416666666667,0.6519480707063746,1.0,0.2241785177645588,13.948453608247423,20.0,20.0
both_q15_t20,ppo_v4,46,81.57988314026365,600,600,752.7792334683929,752.7792334683929,160.4710352428631,160.11570478931168,71.915,157.9320370936911,157.9320370936911,65,0.7759211653813196,0.0,0.7759211653813196,1.0,0.7315717010764378,0.9985416666666667,0.6510448402466037,1.0,0.20492810222556357,14.927947598253276,20.0,20.0
both_q15_t20,ppo_v4,47,69.24665213885507,600,600,776.7866375396233,776.7866375396233,160.5777727427511,160.1734738478308,74.12666666666667,156.12030133355066,155.93757670999472,76,0.7832080200501254,0.0,0.7832080200501254,1.0,0.6796724749905261,0.9995833333333334,0.6475338878347113,1.0,0.18052005327911902,14.943566591422123,20.0,20.0
both_q15_t20,ppo_v4,48,64.5788087411019,600,600,786.1313096884865,786.1313096884865,161.26008915055527,160.81287262881793,75.38166666666666,158.56991462140212,158.56991462140215,72,0.7745259686727123,0.0,0.7745259686727123,1.0,0.7222007585901669,0.9975,0.6426611566950972,1.0,0.19885597778919495,15.294736842105262,20.0,20.0
both_q15_t20,ppo_v4,49,74.37930435005666,600,600,743.3465389769656,743.3465389769656,159.7377497930272,159.15142746737916,74.18833333333333,162.7323264737391,162.7323264737391,82,0.7612126245847176,0.0,0.7612126245847176,1.0,0.6532953135945923,0.99875,0.6579209305699996,1.0,0.2246757087722619,15.158215010141987,20.0,20.0
both_q15_t20,ppo_v4,50,61.0628992603054,600,600,778.7999490711376,778.762374768886,157.34188264120408,156.8169063399858,75.16,159.55854129826454,159.55854129826452,80,0.7737556561085973,0.00041135335252982314,0.7733443027560675,1.0,0.6460158903659952,0.9983333333333333,0.6615831354282486,0.9998911299729755,0.19574575478297226,15.148936170212766,20.0,20.0
both_q15_t20,ppo_v4,51,68.72703049653212,600,600,770.4303003527792,770.4303003527792,158.9377164030698,158.46050529726224,74.87666666666667,158.60435380791978,158.60435380791975,78,0.7724477244772447,0.0,0.7724477244772447,1.0,0.6218969625280296,0.9989583333333333,0.6543276641682195,1.0,0.21402625764048816,14.540880503144654,20.0,20.0
